id,training_hours,technical_assistance_visits,credit_access,recordkeeping_score,eff1,eff2,eff3,adopt1,adopt2,adopt3,resp1,resp2,resp3
1,10.1,5,29.3,21.6,1,1,1,1,2,2,4,3,2
2,12.4,9,53.9,95.0,7,7,6,7,7,6,3,5,4
3,3.9,2,74.1,44.1,3,1,3,4,4,4,4,1,4
4,14.3,6,55.9,86.3,6,7,7,6,5,6,7,5,6
5,9.6,5,44.2,92.1,4,6,5,2,2,5,6,4,7
6,22.3,8,27.2,25.3,4,2,4,5,7,7,1,5,5
7,4.3,12,43.2,43.9,5,3,1,6,6,7,6,7,4
8,13.8,5,45.7,22.4,4,1,3,3,3,6,2,2,3
9,15.0,4,65.1,40.4,3,7,7,5,2,2,1,2,1
10,2.0,0,29.2,71.3,1,1,1,1,1,1,2,1,2
11,9.2,10,59.9,68.3,7,7,7,7,7,6,7,7,7
12,3.1,7,54.8,69.2,6,6,5,4,7,5,3,7,1
13,13.2,5,65.0,82.9,6,7,2,5,4,5,3,2,6
14,42.0,8,25.4,34.0,6,2,6,5,5,6,7,5,6
15,10.7,11,63.2,78.3,7,7,5,6,4,4,6,6,7
16,6.6,4,70.4,73.2,6,3,3,1,3,3,4,3,1
17,13.4,12,28.0,59.6,7,5,6,7,7,7,7,7,7
18,3.4,5,76.4,36.8,6,3,6,3,3,4,5,3,4
19,3.5,5,83.5,39.1,2,6,4,2,1,1,2,2,2
20,3.5,1,42.8,56.3,4,4,3,1,1,1,1,2,1
21,6.6,0,66.6,59.8,1,5,5,2,2,3,6,6,6
22,25.6,10,67.1,72.0,7,6,6,4,3,2,3,5,5
23,19.9,6,16.2,92.0,7,4,4,7,7,5,4,6,6
24,4.3,11,42.8,65.9,1,3,6,2,3,3,2,2,3
25,13.3,11,63.0,55.4,6,7,7,7,7,7,4,5,6
26,27.3,4,37.1,37.5,4,6,4,4,3,3,7,5,7
27,0.9,6,96.6,73.8,6,5,6,6,6,7,5,3,4
28,4.7,10,50.9,64.0,4,5,1,3,5,3,2,2,5
29,8.5,11,84.2,60.7,3,1,2,6,4,6,6,4,3
30,10.0,3,19.0,48.8,1,2,3,1,1,1,1,1,1
31,26.5,1,53.4,28.1,2,4,1,5,2,2,1,2,1
32,11.5,4,5.6,35.8,1,1,2,1,2,2,4,3,2
33,12.3,12,23.7,39.9,2,1,2,2,1,2,2,3,3
34,12.6,2,42.9,43.1,2,3,4,2,1,2,1,2,1
35,15.2,2,20.4,5.1,6,5,6,5,3,1,1,1,1
36,20.0,2,42.5,46.7,2,3,2,4,5,3,4,5,4
37,1.1,12,64.6,67.3,3,5,6,3,2,5,4,2,2
38,7.9,8,49.2,10.4,1,3,3,1,1,2,2,1,1
39,2.5,10,29.3,63.1,1,1,1,1,1,1,1,1,2
40,29.9,4,13.1,32.3,3,3,2,3,3,5,1,1,1
41,15.5,3,26.1,97.8,3,4,5,5,6,6,6,5,6
42,22.2,2,61.8,76.4,2,6,3,5,5,6,4,3,5
43,16.1,12,64.3,87.9,7,7,4,7,7,6,6,7,5
44,8.3,0,88.5,51.1,2,6,6,2,4,2,1,1,3
45,12.2,8,68.0,91.1,6,5,6,5,3,5,1,1,5
46,8.4,4,53.3,62.2,3,5,2,1,2,5,2,4,2
47,4.6,12,71.7,88.0,7,7,5,5,5,5,1,3,5
48,7.6,0,31.3,91.1,1,1,1,5,4,2,4,5,7
49,6.6,9,42.6,47.6,5,5,4,5,7,4,6,7,4
50,11.3,1,64.9,82.1,4,4,3,3,1,3,3,6,6
51,37.0,2,60.6,76.5,7,5,5,6,7,7,6,7,5
52,2.9,0,39.5,7.8,1,1,1,1,1,1,1,1,1
53,16.7,4,73.6,93.3,7,7,7,6,6,6,6,7,4
54,6.6,9,62.0,46.0,3,6,6,5,7,5,3,4,3
55,25.0,12,19.1,58.3,7,7,7,7,7,6,3,4,3
56,14.4,8,23.6,47.3,2,2,4,3,3,2,5,4,5
57,23.7,8,43.9,94.3,6,6,7,7,6,7,7,6,7
58,7.2,10,69.2,49.8,2,5,3,1,1,1,1,1,1
59,2.6,1,36.2,74.0,1,1,2,1,1,1,3,3,2
60,12.5,10,83.3,95.4,7,7,7,7,7,7,4,4,4
61,31.2,10,84.5,97.3,7,4,5,5,4,6,7,6,7
62,46.6,2,27.3,72.2,7,5,5,6,6,7,6,6,5
63,15.4,1,46.3,49.8,4,4,1,3,2,4,4,6,4
64,21.4,4,60.6,66.5,6,6,6,7,7,7,5,7,5
65,6.3,2,76.3,92.4,3,4,4,3,4,4,5,4,7
66,16.5,2,8.5,58.6,6,6,6,3,3,3,2,1,2
67,18.1,8,91.1,66.6,4,4,4,5,3,2,2,1,2
68,15.2,12,79.3,86.8,7,7,7,7,7,6,7,7,7
69,12.0,3,43.4,54.7,6,6,5,3,4,1,4,2,3
70,44.3,4,81.6,66.4,7,7,6,6,6,7,5,6,7
71,6.9,8,24.0,58.0,2,1,2,2,4,3,4,6,5
72,3.4,11,73.1,82.7,2,2,5,6,5,6,5,2,5
73,22.5,8,76.1,29.3,6,6,5,6,7,5,5,6,6
74,19.8,8,10.9,64.0,1,2,1,3,3,4,2,2,6
75,3.9,0,33.5,14.8,3,3,5,1,1,1,1,1,1
76,23.2,7,34.0,80.9,6,4,6,7,7,4,6,6,6
77,7.1,11,62.7,89.6,6,7,7,4,6,7,6,6,6
78,5.1,6,54.3,76.2,3,3,6,5,5,4,3,2,5
79,26.0,6,77.1,79.7,7,7,7,3,2,4,3,4,6
80,11.6,2,57.9,25.7,1,1,1,2,3,4,1,2,1
81,17.8,9,26.6,63.2,3,3,6,5,3,5,2,5,1
82,7.9,3,72.7,51.1,3,4,1,4,4,2,5,3,4
83,9.8,9,50.2,43.6,3,1,2,6,5,3,1,3,3
84,6.7,4,77.8,95.6,5,3,5,6,6,2,3,5,6
85,5.1,1,24.8,31.8,1,1,1,1,1,2,1,1,1
86,3.8,11,54.2,75.1,4,2,6,6,5,2,1,7,5
87,21.4,12,26.5,46.8,5,5,4,1,3,2,2,3,1
88,10.4,10,49.1,60.4,6,3,6,2,1,1,2,6,3
89,14.1,2,80.2,55.3,5,3,6,4,7,3,6,6,4
90,4.4,10,82.3,53.0,5,5,3,4,4,4,2,1,4
91,11.3,2,44.3,89.2,4,4,1,3,4,3,3,3,1
92,9.3,8,39.7,51.5,2,2,4,3,4,3,2,4,6
93,17.0,11,17.5,52.8,6,2,6,6,5,7,7,6,6
94,3.6,8,41.1,46.3,3,2,5,3,2,1,1,2,1
95,11.4,8,69.3,98.0,4,4,4,5,5,5,5,4,4
96,24.6,5,81.7,48.1,7,7,7,7,7,6,7,7,7
97,12.1,7,58.1,35.4,6,3,5,5,7,5,6,4,6
98,41.9,8,17.1,75.2,6,2,7,4,5,7,1,3,4
99,17.3,7,13.8,49.0,1,1,1,1,1,1,2,1,1
100,41.3,1,39.5,29.4,1,1,1,5,3,4,7,7,7
101,27.8,6,69.8,58.0,2,4,1,3,4,5,5,5,7
102,39.7,11,63.5,74.0,6,4,6,6,6,6,7,7,6
103,2.6,7,79.1,84.4,4,5,1,5,6,5,7,6,7
104,24.8,2,36.8,64.3,3,1,1,2,3,1,7,4,2
105,8.5,2,73.9,72.2,2,1,2,3,2,1,5,4,4
106,3.3,1,29.5,27.8,1,1,3,1,1,1,1,2,1
107,7.9,4,25.9,79.6,5,6,2,3,1,2,3,2,3
108,26.3,7,57.1,32.8,5,5,4,4,3,3,3,3,4
109,6.9,3,39.6,83.3,3,4,2,4,1,7,2,2,3
110,5.0,5,19.8,74.8,1,1,1,1,1,1,2,1,1
111,13.2,1,54.8,61.7,4,1,3,4,2,5,2,3,5
112,10.5,4,7.1,55.0,1,1,1,1,1,2,1,1,2
113,16.1,2,21.7,38.1,3,2,1,2,2,3,3,3,5
114,7.4,1,88.6,32.7,1,1,2,3,2,3,4,3,5
115,19.0,11,81.9,43.6,7,7,5,7,7,7,7,7,7
116,3.4,2,30.2,67.3,1,1,1,1,2,1,4,4,5
117,4.9,2,70.4,63.1,1,1,3,4,3,3,5,2,3
118,39.0,6,66.9,37.6,5,5,6,4,6,5,5,4,6
119,26.8,9,31.5,55.5,4,3,6,2,6,6,2,4,6
120,4.0,2,63.8,51.9,1,2,1,3,3,4,6,7,7
121,16.2,3,83.9,42.9,6,4,5,3,5,2,4,5,2
122,8.2,5,47.5,27.9,2,2,1,6,6,6,2,3,2
123,13.4,8,59.3,47.0,7,6,7,7,6,7,4,2,2
124,28.6,10,45.6,72.9,7,5,6,6,5,3,6,7,4
125,4.2,12,54.1,66.8,6,5,7,7,3,3,3,4,3
126,17.4,5,57.4,43.8,3,2,2,2,4,4,3,4,3
127,7.6,0,35.2,41.7,3,1,4,2,3,3,1,2,1
128,17.4,8,63.7,53.6,7,7,5,6,6,7,7,7,6
129,15.3,0,65.9,9.5,3,1,1,1,3,2,2,1,2
130,14.9,12,42.7,64.5,7,4,4,7,6,7,6,5,5
131,7.3,7,81.3,60.3,1,2,1,3,2,4,4,5,7
132,26.4,6,65.0,76.4,6,5,2,7,7,7,5,4,5
133,7.2,1,60.8,59.2,3,5,2,3,4,2,5,5,5
134,16.4,7,65.3,43.5,1,4,4,4,6,4,4,5,5
135,16.7,2,74.0,80.2,4,4,7,3,4,4,2,3,2
136,8.9,10,58.8,95.7,7,4,6,6,5,7,2,5,2
137,36.5,9,63.2,26.9,5,3,1,5,7,4,3,5,6
138,27.0,5,39.8,57.4,1,2,3,4,4,2,5,5,3
139,11.0,1,59.9,71.2,3,2,1,1,1,2,2,3,2
140,19.6,2,13.5,72.1,1,2,2,1,4,1,1,1,1
141,4.6,1,43.1,83.1,1,2,3,1,1,1,3,1,3
142,22.5,10,68.6,79.8,7,7,7,7,7,7,7,6,5
143,18.7,10,25.9,70.7,6,4,5,6,6,6,5,2,1
144,5.4,12,73.3,89.7,6,7,7,6,4,4,6,6,5
145,32.4,6,21.3,32.2,2,2,4,5,6,3,7,7,5
146,24.2,10,53.4,71.4,6,7,5,7,7,5,6,5,6
147,14.7,11,8.0,83.0,5,6,3,5,6,6,4,4,2
148,18.0,9,21.6,60.8,5,6,6,7,3,5,3,3,1
149,5.3,12,58.0,14.5,2,3,4,4,1,3,4,6,4
150,11.9,0,60.3,51.1,5,3,2,2,1,2,3,4,1
151,12.0,9,40.5,47.8,2,3,6,6,5,7,4,4,3
152,21.4,6,90.2,65.6,6,3,4,6,6,7,5,4,5
153,18.1,6,61.2,67.0,7,6,7,5,4,6,7,3,7
154,4.5,7,49.9,93.3,6,6,5,6,5,7,5,6,6
155,6.6,7,69.5,11.0,2,4,4,5,3,5,2,4,3
156,10.3,10,57.0,59.5,6,7,3,7,6,7,3,4,6
157,16.0,5,50.7,40.1,2,2,4,3,7,4,2,2,3
158,8.5,6,78.3,35.9,6,6,2,4,5,4,6,5,6
159,9.8,10,61.8,84.8,4,6,2,4,3,3,2,2,2
160,12.4,0,78.2,74.9,3,4,3,7,5,1,6,7,6
161,16.5,1,63.4,43.5,3,2,1,1,3,2,1,1,1
162,5.8,7,6.7,75.7,4,2,1,5,7,7,3,3,1
163,5.2,1,43.9,64.2,5,6,3,5,2,3,2,3,5
164,7.9,3,25.8,41.9,5,6,3,6,7,6,6,7,7
165,13.6,2,83.0,65.2,5,5,3,6,7,5,1,1,6
166,8.2,7,80.0,69.6,3,6,4,3,3,5,5,6,3
167,1.7,9,55.6,67.7,4,2,2,5,4,4,2,1,4
168,16.4,5,75.4,40.0,3,4,4,2,2,2,5,4,5
169,19.1,10,87.7,67.5,6,4,2,7,6,7,6,7,6
170,7.1,2,46.3,20.6,5,2,3,1,5,1,1,4,1
171,5.7,0,41.7,68.1,1,1,4,1,1,1,3,1,1
172,10.7,8,81.0,41.2,6,5,4,3,5,4,7,5,7
173,8.9,5,80.3,72.1,6,7,6,6,7,7,7,7,7
174,18.8,9,61.7,46.4,6,3,4,5,6,5,5,6,6
175,6.3,11,69.8,37.7,3,3,1,2,5,3,2,2,2
176,16.0,1,67.8,55.7,3,5,7,1,1,1,2,1,2
177,18.4,8,47.0,41.6,5,6,3,4,3,3,3,3,1
178,14.1,11,18.3,86.5,4,5,7,7,4,4,5,6,7
179,10.1,2,58.9,2.2,1,1,2,1,2,3,1,1,1
180,7.9,5,65.4,62.5,2,2,2,5,3,5,2,3,4
181,5.5,0,93.1,61.7,5,7,6,5,6,3,4,6,6
182,10.5,12,11.2,61.6,4,3,3,7,6,6,7,7,7
183,2.5,8,64.2,71.4,4,5,5,2,1,2,1,1,2
184,12.5,11,43.8,28.2,1,2,1,2,2,1,1,2,1
185,16.9,0,66.5,80.7,4,2,2,5,4,7,4,1,3
186,7.6,10,33.3,40.2,3,1,4,5,5,3,3,4,1
187,8.1,2,64.9,16.9,1,1,2,1,1,4,1,1,1
188,19.0,2,16.3,19.1,1,5,1,3,2,3,1,2,2
189,21.0,1,53.1,51.8,3,5,2,4,3,4,6,2,3
190,20.4,4,35.2,46.9,7,7,7,7,5,6,1,2,2
191,15.2,4,65.1,42.6,7,5,7,5,5,6,6,4,2
192,8.7,3,89.1,85.3,3,7,3,6,7,6,5,3,6
193,5.3,1,88.2,68.9,4,4,4,5,6,4,5,6,5
194,11.7,6,89.6,45.0,4,1,2,2,3,1,4,5,4
195,5.7,1,62.9,50.3,2,3,1,1,1,1,3,1,1
196,0.5,6,26.6,71.2,3,1,5,1,1,1,1,1,1
197,10.9,10,18.0,61.4,4,3,6,1,1,2,3,3,5
198,11.4,2,45.3,68.1,3,6,5,3,2,1,5,7,6
199,10.0,9,46.2,61.5,5,7,5,7,5,5,7,7,7
200,8.9,4,83.7,79.1,6,7,6,7,5,6,2,2,5
201,10.0,6,64.9,43.7,3,5,3,3,4,2,7,5,6
202,4.7,7,82.3,25.3,7,5,6,4,5,2,4,4,4
203,12.2,11,82.9,69.9,7,7,6,7,6,7,7,7,7
204,34.6,10,78.8,83.6,7,7,4,7,7,6,7,7,6
205,13.7,3,88.0,35.7,3,4,3,6,5,6,6,3,5
206,31.2,6,15.9,55.3,2,5,2,2,1,6,2,1,2
207,14.5,12,61.3,72.8,7,5,5,4,3,5,4,5,3
208,8.9,2,54.8,48.3,2,3,2,2,2,1,1,1,1
209,6.9,6,80.8,61.8,7,7,7,7,7,7,7,6,7
210,7.3,0,13.8,62.7,1,2,1,2,4,6,3,1,3
211,29.7,6,43.2,69.6,4,5,6,6,4,7,5,3,4
212,7.6,7,64.4,69.5,5,4,7,5,5,4,7,6,7
213,7.4,0,55.6,82.5,3,2,5,1,1,4,2,3,2
214,26.7,12,22.3,82.4,7,7,7,4,4,4,6,5,5
215,18.6,12,54.8,37.8,6,4,3,7,6,6,7,6,6
216,2.6,5,44.7,74.3,1,2,3,1,2,1,1,1,1
217,12.2,8,27.5,30.0,5,3,1,2,2,1,2,2,1
218,5.3,6,42.2,60.9,3,3,1,1,2,2,4,3,2
219,4.4,12,59.9,50.2,4,7,3,3,3,4,2,4,1
220,23.1,7,21.1,46.1,5,6,5,3,6,7,5,6,3
221,10.5,11,56.2,62.5,4,3,5,4,2,4,4,2,1
222,14.1,8,56.1,54.7,1,2,1,4,6,5,6,7,7
223,3.6,12,65.8,78.0,5,4,7,6,7,7,7,5,7
224,10.5,6,48.0,34.6,4,6,5,3,4,2,2,1,4
225,5.4,1,36.6,46.5,5,6,2,6,5,5,1,2,7
226,6.7,11,34.0,68.8,4,4,3,5,5,5,2,3,1
227,9.1,10,41.8,50.7,1,1,1,2,4,2,3,4,3
228,6.2,5,45.4,53.7,2,1,3,2,3,2,6,7,6
229,7.3,6,52.8,31.4,1,3,3,3,4,3,6,7,5
230,32.1,7,76.7,41.0,2,2,6,6,5,5,7,7,6
231,21.6,12,51.3,72.4,7,7,7,6,3,3,5,4,4
232,14.7,2,36.9,84.9,7,5,6,5,2,6,4,4,3
233,22.3,3,19.4,49.8,7,2,5,2,2,3,3,3,5
234,6.9,12,58.1,43.2,5,5,7,5,6,5,3,2,2
235,11.4,5,46.6,64.8,1,1,2,4,3,4,6,6,6
236,16.4,10,96.8,39.4,6,4,6,6,5,7,6,7,6
237,16.8,5,90.0,56.4,5,6,6,5,4,3,2,2,1
238,16.6,8,30.1,30.5,1,1,1,1,1,1,1,1,4
239,9.0,1,53.1,36.2,3,1,1,1,1,1,1,3,4
240,21.5,1,12.7,63.8,2,3,4,4,2,4,3,2,2
241,5.2,10,45.4,60.2,6,5,4,6,7,4,3,5,3
242,12.1,5,45.0,93.5,4,3,5,4,2,4,5,3,5
243,0.2,10,75.6,61.4,3,2,3,3,1,2,4,2,4
244,15.3,6,24.9,57.1,5,7,7,6,7,6,6,6,7
245,8.0,4,17.9,63.9,2,1,1,5,3,4,2,4,4
246,26.4,9,71.7,42.6,6,7,4,7,7,7,6,6,5
247,15.4,5,65.6,57.0,2,3,2,6,3,3,1,3,3
248,12.1,8,54.8,39.4,5,6,4,7,6,6,7,7,7
249,26.3,9,64.7,20.5,3,5,5,1,1,3,4,1,5
250,2.1,9,24.1,56.1,1,1,2,2,1,2,4,1,1
251,5.5,0,41.0,74.3,5,6,6,2,3,2,1,2,1
252,4.9,9,46.3,56.2,2,2,2,1,1,1,5,2,1
253,4.9,8,39.4,96.8,5,5,7,6,3,2,3,4,3
254,10.0,1,80.5,83.3,7,5,5,4,4,5,2,4,6
255,9.0,9,88.0,63.3,3,2,5,6,6,4,6,6,4
256,5.1,10,48.3,81.2,7,7,5,5,5,5,6,7,5
257,19.5,9,18.7,56.0,3,4,4,4,6,5,2,2,2
258,3.4,1,30.6,60.9,5,3,5,3,6,3,1,2,3
259,26.9,9,53.9,57.2,6,7,7,6,5,6,7,7,3
260,11.1,7,86.2,51.1,4,4,5,4,5,5,4,3,2
261,39.7,2,71.9,45.6,5,3,7,5,6,6,7,5,7
262,9.2,7,9.1,33.3,2,5,3,1,1,1,2,1,3
263,7.8,7,67.5,91.9,4,4,4,5,5,5,5,6,6
264,10.1,6,35.5,49.5,4,6,5,4,2,6,7,7,3
265,7.2,11,77.6,94.3,7,7,6,5,3,5,6,7,5
266,32.6,7,12.6,69.6,2,2,1,4,2,6,4,4,3
267,15.3,0,47.1,40.5,2,5,4,5,4,5,5,3,4
268,21.2,8,67.8,58.6,6,5,7,2,3,3,6,4,7
269,17.4,8,68.5,83.5,6,4,6,6,7,5,5,6,7
270,10.1,5,29.5,59.8,4,3,2,2,2,5,3,4,3
271,14.5,0,53.4,43.6,1,5,4,1,1,3,1,4,2
272,9.1,1,65.5,13.7,3,5,2,5,7,3,4,2,7
273,13.2,6,25.5,66.6,4,6,4,3,2,3,3,3,5
274,9.7,3,76.2,79.0,6,7,6,7,7,7,7,7,6
275,6.0,4,94.1,29.5,1,1,4,3,6,2,5,4,5
276,5.6,11,50.8,67.0,6,7,7,6,7,6,6,7,7
277,12.1,9,11.1,71.0,2,3,2,3,1,2,5,6,6
278,12.8,4,74.8,43.7,5,4,5,3,4,5,5,4,4
279,6.4,4,43.2,49.5,2,1,2,1,1,1,2,3,3
280,14.2,6,78.9,91.8,5,4,4,7,7,7,7,7,7
281,18.9,12,53.3,34.8,5,5,6,4,4,5,6,7,4
282,8.5,1,55.3,79.2,2,2,2,1,2,3,2,4,3
283,3.8,1,85.0,62.8,2,3,1,2,1,3,4,1,2
284,27.4,8,58.5,93.4,5,4,6,6,6,4,6,6,6
285,7.1,10,90.1,68.5,6,4,7,7,7,6,7,7,7
286,6.5,8,43.3,43.7,2,2,5,1,3,1,1,1,1
287,10.2,7,45.9,70.9,2,1,2,2,3,3,5,3,1
288,25.2,1,30.7,42.3,2,2,4,3,2,2,5,5,5
289,5.6,3,36.0,44.4,1,1,1,2,2,2,1,1,3
290,11.8,7,56.6,82.5,7,7,7,2,4,2,2,1,6
291,8.2,12,61.1,64.3,7,7,7,7,6,7,6,6,7
292,10.2,6,83.5,70.4,3,6,3,4,5,7,7,7,7
293,2.3,5,57.7,63.3,4,5,2,2,1,1,3,2,5
294,5.1,7,49.2,55.4,4,2,4,2,3,4,4,1,3
295,22.9,1,8.2,69.7,4,6,6,2,5,4,4,1,2
296,8.0,1,71.3,69.8,5,7,6,5,6,6,6,5,3
297,6.0,1,46.5,38.4,1,1,1,1,3,1,5,2,6
298,10.9,8,61.5,46.1,3,3,2,7,6,5,7,7,7
299,11.9,8,42.3,13.2,6,6,7,2,2,3,2,4,2
300,17.2,2,70.3,77.5,4,3,4,4,3,2,6,6,5
301,15.8,5,70.1,87.8,6,4,7,7,7,7,7,5,5
302,11.8,2,22.8,32.8,1,6,4,4,4,5,4,3,4
303,6.1,1,65.0,48.3,4,3,3,2,3,3,4,5,4
304,2.4,9,68.4,48.5,1,1,1,1,1,1,1,2,1
305,6.6,1,54.9,24.2,1,1,1,1,3,2,3,5,2
306,2.1,12,15.1,44.2,1,4,5,4,6,6,4,4,2
307,32.1,9,42.8,78.3,7,6,6,7,5,5,7,6,3
308,11.2,6,75.2,84.2,7,7,7,6,6,5,5,7,2
309,10.4,8,12.9,60.3,2,7,3,1,1,1,1,2,4
310,10.7,2,32.7,64.1,2,2,4,2,4,4,3,5,5
311,8.8,5,50.3,20.1,2,5,3,4,5,6,4,5,5
312,7.5,8,64.5,68.0,4,5,4,4,6,3,7,7,7
313,19.8,6,22.0,66.7,3,2,4,3,7,5,7,7,5
314,19.5,12,53.4,94.6,7,7,7,4,6,7,5,5,5
315,18.6,0,59.3,53.9,4,6,2,6,6,5,7,5,5
316,11.0,1,56.8,28.3,2,2,5,1,2,2,2,1,4
317,37.4,2,45.7,29.2,6,6,6,3,3,6,4,3,2
318,17.6,6,40.1,16.6,4,2,2,1,1,3,3,3,5
319,15.1,0,18.0,65.4,1,3,1,6,5,2,5,4,4
320,12.1,10,70.1,43.4,4,1,2,2,4,3,5,5,4
321,11.6,1,38.4,82.9,1,4,5,4,3,2,1,6,2
322,6.5,4,72.6,45.7,5,6,5,5,4,5,5,2,1
323,5.1,11,66.8,69.9,7,6,5,4,5,2,4,3,3
324,13.8,5,83.7,43.5,2,4,3,3,5,4,5,6,4
325,13.4,4,48.9,71.5,3,6,4,6,6,6,4,2,3
326,16.4,9,80.9,49.3,7,7,7,7,7,6,7,7,7
327,19.0,3,11.1,35.8,1,2,3,2,2,1,3,5,3
328,5.0,9,27.4,85.7,6,2,6,2,2,1,7,6,7
329,13.6,5,50.4,21.6,5,5,3,3,4,1,1,2,1
330,1.5,1,52.7,39.1,1,1,1,1,1,1,1,1,2
331,12.4,9,35.7,74.2,6,7,5,7,7,6,6,4,7
332,6.6,7,70.0,74.6,6,2,1,5,5,5,2,6,6
333,9.8,11,39.7,47.3,7,7,7,4,3,4,3,6,2
334,9.1,3,81.3,71.6,5,3,2,3,2,6,2,6,4
335,20.6,9,58.1,9.0,6,1,2,4,4,5,2,2,2
336,19.3,8,64.6,53.0,7,7,6,6,7,7,5,6,3
337,39.5,2,46.5,61.3,3,2,3,1,2,1,5,3,2
338,4.0,1,69.0,30.1,2,3,2,1,1,1,1,1,1
339,15.5,8,26.2,65.9,4,6,5,3,2,7,3,4,4
340,18.9,0,34.3,48.1,1,1,2,2,3,1,7,7,7
341,7.3,3,50.6,57.8,5,3,7,2,5,1,6,2,4
342,3.4,7,21.3,78.2,2,2,5,6,4,4,1,1,2
343,31.1,10,21.7,24.5,1,1,1,2,1,1,4,3,5
344,7.4,8,55.1,80.7,3,2,4,3,6,5,4,4,4
345,11.2,8,70.6,81.7,7,5,3,5,5,4,5,7,5
346,13.6,11,98.7,82.0,7,4,7,7,7,7,7,7,3
347,9.9,3,57.3,65.7,2,3,2,3,2,1,4,4,2
348,3.6,0,51.2,80.1,2,3,3,1,2,1,3,5,4
349,3.9,4,59.2,87.7,2,1,1,3,3,2,4,2,4
350,20.2,0,63.0,67.9,2,2,4,6,6,4,5,5,5
351,9.7,0,73.1,38.6,6,5,4,5,4,7,7,7,6
352,17.3,5,32.3,25.7,6,5,5,1,3,1,3,3,3
353,8.6,7,56.4,62.8,4,6,5,5,5,5,3,3,4
354,7.8,12,61.3,85.0,5,3,5,1,4,1,2,1,1
355,20.4,11,47.4,45.4,5,4,6,6,5,5,5,5,4
356,10.9,10,63.3,65.7,7,4,7,4,2,4,5,5,5
357,12.5,4,56.1,11.7,1,5,1,3,2,3,3,5,4
358,8.3,10,80.9,84.0,3,3,2,2,1,5,5,6,6
359,0.7,7,59.9,85.1,3,2,3,4,1,2,3,1,3
360,15.2,12,44.0,45.0,4,5,3,4,5,4,5,4,1
361,8.2,9,18.8,37.6,1,1,2,1,1,1,1,2,2
362,10.2,10,57.8,72.0,4,6,7,7,7,6,7,7,6
363,10.4,1,11.4,80.9,5,3,7,2,4,2,1,1,1
364,24.7,1,38.3,81.3,6,4,4,4,3,6,4,2,6
365,15.0,7,55.1,41.7,3,5,7,5,7,7,3,2,3
366,6.4,8,74.9,62.4,5,3,6,3,2,3,2,3,2
367,14.8,3,57.1,64.6,3,2,4,7,6,7,6,3,6
368,19.1,8,68.3,38.9,5,5,4,7,7,7,7,7,7
369,5.0,3,35.0,78.3,4,6,7,4,4,4,7,4,7
370,16.0,2,38.0,29.4,4,3,4,5,5,4,2,3,3
371,8.4,10,36.1,40.6,3,5,3,3,2,4,2,1,1
372,21.2,11,29.6,87.7,7,6,7,7,7,7,6,6,6
373,12.5,10,32.1,85.0,2,4,3,7,6,6,6,7,7
374,8.4,2,52.7,62.2,4,1,3,2,4,3,1,1,1
375,9.3,7,71.2,51.4,7,7,7,4,6,6,7,7,5
376,5.3,0,88.2,89.3,5,6,3,6,5,4,6,3,4
377,4.3,2,69.8,68.5,7,6,4,6,6,4,5,6,3
378,11.9,1,84.3,70.9,5,7,3,4,5,6,4,6,7
379,21.1,3,37.8,19.3,2,3,3,4,5,3,4,4,2
380,5.0,8,44.2,45.7,4,2,3,7,6,7,1,2,3
381,4.4,1,69.2,74.3,2,2,3,1,2,3,4,3,2
382,3.9,2,51.4,83.6,4,5,6,3,5,6,4,6,4
383,13.9,12,69.6,60.6,3,5,2,2,2,5,4,4,6
384,10.8,12,60.8,86.7,4,4,2,6,6,6,6,6,7
385,23.8,5,85.1,67.1,6,6,6,2,2,1,4,2,2
386,13.2,2,54.1,90.0,3,4,6,6,5,6,6,6,5
387,7.0,2,85.2,51.4,2,4,2,2,4,4,7,6,3
388,19.2,10,43.5,61.1,5,3,7,5,7,3,6,4,4
389,6.6,7,35.8,49.6,7,4,7,3,4,3,4,2,2
390,9.0,2,92.9,82.3,5,7,3,7,7,6,6,6,6
391,7.4,6,43.7,74.6,6,7,3,2,1,2,3,5,5
392,20.0,12,56.4,71.1,5,6,6,3,4,4,5,7,4
393,13.5,9,65.2,56.4,2,4,2,4,5,7,6,4,7
394,6.9,5,27.8,32.1,1,1,4,2,1,1,1,1,3
395,9.5,9,38.2,48.2,2,2,3,3,4,1,2,2,4
396,34.1,12,70.1,62.2,7,6,3,7,7,6,5,6,7
397,12.4,2,91.8,35.8,7,7,7,4,4,5,7,5,6
398,14.4,1,85.1,61.1,2,1,1,4,1,5,1,4,2
399,3.7,12,54.0,45.6,3,6,3,4,2,2,4,3,2
400,6.8,6,61.5,43.0,3,3,4,6,4,5,3,5,3
401,31.2,11,29.8,74.0,7,4,7,7,6,7,6,5,3
402,9.5,11,26.4,51.0,1,1,5,2,1,2,2,5,7
403,20.5,1,65.2,23.9,5,7,7,3,4,2,1,1,1
404,20.2,2,61.1,71.9,5,6,7,6,6,4,7,5,4
405,37.3,10,32.1,21.1,7,7,6,7,7,7,7,5,7
406,4.6,3,70.0,49.7,5,2,1,2,2,3,3,5,4
407,13.9,12,69.1,87.4,5,6,5,7,7,7,7,7,7
408,22.1,6,56.3,13.7,2,4,4,5,4,4,5,5,6
409,4.8,7,46.2,86.0,4,4,5,3,2,2,3,4,4
410,2.5,0,89.7,26.3,6,4,5,2,2,2,7,5,2
411,17.3,1,19.0,48.2,5,4,1,4,4,3,3,6,4
412,31.2,3,46.4,78.4,1,6,2,6,6,7,3,1,2
413,17.1,8,43.7,73.8,4,3,5,7,3,7,3,3,2
414,10.2,8,86.4,79.1,4,6,6,7,7,6,6,5,6
415,7.4,1,73.4,49.6,5,3,5,1,1,2,3,3,3
416,9.8,12,82.5,94.1,5,6,7,7,7,7,6,7,7
417,18.7,7,69.8,62.9,5,7,5,5,3,3,5,3,4
418,27.7,12,29.7,78.6,2,3,1,7,5,7,6,5,7
419,26.1,9,58.8,5.7,3,3,2,5,4,3,3,5,6
420,12.5,6,62.1,44.4,4,1,1,2,2,4,3,6,3
