id,drought_index,pressure_uniformity,scheduling_score,sensor_use_score,water_productivity,application_efficiency,deep_percolation_control,canopy_temperature,leaf_water_potential,stress_index,yield_stability,water_use_stability,gross_margin_stability
1,0.412487,70.698346,52.440603,45.843371,1.454312,0.734776,64.019065,32.067447,-1.513439,0.497870,71.184690,61.791931,57.817072
2,0.614844,76.180570,53.742836,45.163666,1.970030,0.739077,79.510633,34.221584,-1.474542,0.432494,76.035628,75.053917,75.828478
3,-0.129402,89.473320,70.853512,83.345350,1.865186,0.840122,72.756123,29.845767,-1.534748,0.414356,87.679876,80.140084,90.428807
4,-0.841975,82.730141,78.236373,74.424552,2.004157,0.907401,80.840707,29.272421,-1.614840,0.249439,83.218496,86.724886,77.914491
5,0.226432,81.647268,59.682065,65.516421,1.452942,0.730759,59.850545,32.136495,-1.374728,0.338671,77.939134,81.309992,61.303992
6,-0.326547,78.489691,52.617891,53.388691,1.750968,0.768231,85.769574,31.534169,-1.188582,0.409826,80.790233,85.838292,64.136731
7,-1.057902,94.270303,90.217990,92.390051,1.467934,0.887302,80.465604,30.269409,-1.745708,0.122277,92.130526,93.400892,83.491562
8,0.503840,85.581862,70.917596,67.823975,1.714537,0.900307,79.932938,31.854006,-1.657077,0.462545,80.642493,74.482953,73.921098
9,-0.763481,85.858603,66.386063,52.953882,1.764525,0.804706,84.378072,30.534035,-1.222850,0.401198,79.104476,74.186229,70.398929
10,0.010560,96.809669,86.968857,100.000000,1.790019,0.808817,83.743500,28.948364,-1.986974,0.184141,96.542397,92.114151,97.975005
11,1.283258,83.483501,90.755329,69.887994,1.522032,0.680390,74.700758,30.975870,-1.786043,0.374733,89.837625,81.004154,84.752968
12,-0.098330,85.087993,72.751378,50.226081,1.420816,0.748292,72.692770,34.800707,-1.418751,0.439212,76.400111,72.956433,67.555268
13,-0.672231,85.443043,80.771684,43.456325,1.874889,0.825814,73.052884,30.109037,-1.499428,0.342850,93.407667,85.726444,84.285747
14,-0.121657,98.000000,80.779284,84.484324,2.043551,0.960000,90.646710,27.745973,-1.976563,0.076016,100.000000,100.000000,100.000000
15,0.158694,74.790207,79.685913,67.854101,2.090623,0.850366,91.969111,28.672290,-1.767840,0.275123,82.248360,85.306395,76.281813
16,-0.109666,84.357802,78.261988,61.677323,1.580482,0.790872,72.411523,31.799865,-1.465557,0.337771,87.475884,84.564455,87.768005
17,-1.743618,85.961681,56.792059,40.677090,1.415643,0.775699,56.572745,35.610776,-1.027586,0.547666,64.822557,72.100161,61.689920
18,-0.963166,88.608942,69.004486,64.422595,1.968522,0.704867,64.353302,31.633476,-1.411037,0.428468,78.816619,76.979348,75.280077
19,0.660818,96.451419,85.049238,78.791184,1.570037,0.816305,69.987828,31.759979,-1.533178,0.456763,85.629107,81.468609,83.968322
20,0.371507,86.445905,70.456432,46.922238,1.563544,0.809761,67.348178,30.324727,-1.480777,0.335222,76.787945,73.983932,71.664799
21,0.600748,73.198073,56.229194,47.200069,1.225834,0.700567,62.269064,34.918754,-1.078692,0.514953,73.031947,86.002539,72.564686
22,-1.494383,85.248871,66.968684,43.571497,1.830932,0.738971,79.985932,28.539446,-1.439531,0.373699,87.715885,91.429145,91.600576
23,0.796539,78.491099,59.194824,65.905352,1.173308,0.548994,52.424075,33.347401,-1.509351,0.463163,82.999351,88.815283,77.704363
24,0.009737,69.822023,66.781278,50.036639,1.539556,0.708830,66.910908,35.003019,-1.146277,0.515573,72.622846,67.378261,65.103607
25,0.533816,79.919620,59.405305,77.344962,1.055565,0.667351,55.876409,34.324178,-1.377361,0.560901,74.901003,68.912348,60.240370
26,0.673805,77.229424,57.246404,45.882787,1.344068,0.610940,58.369680,34.429217,-1.139427,0.625145,71.279078,69.178711,66.095121
27,0.933052,81.316685,62.891494,45.017572,1.597248,0.861732,86.341099,31.457458,-1.198326,0.470388,78.136830,76.552143,71.716021
28,-1.277934,78.471871,55.734730,55.351263,1.278004,0.633660,49.175084,33.776167,-1.451255,0.419955,72.949547,54.323358,65.681484
29,-1.238167,93.403333,86.456342,91.393403,2.090622,0.880760,89.478212,30.020780,-1.896105,0.104811,93.827679,92.305420,91.909252
30,0.159563,81.412713,69.091237,52.113640,1.605444,0.715267,68.434274,33.801947,-1.692534,0.468908,78.341674,72.723382,70.506497
31,1.484709,76.881597,66.005602,41.182906,1.436051,0.737348,83.234157,33.186204,-0.992154,0.690424,78.822439,76.504668,71.776442
32,-0.245186,93.479252,91.115904,78.542494,2.156140,0.911094,85.134437,30.330669,-1.544504,0.465711,93.885990,84.140174,81.550943
33,0.242825,89.091456,85.837194,82.765156,1.510399,0.766024,76.588289,31.138438,-1.450004,0.494588,90.091074,88.684305,81.904909
34,-0.983323,83.565303,77.127312,71.948421,1.875584,0.830192,82.202482,29.149089,-1.818634,0.143452,89.958130,76.976924,91.577239
35,-1.043727,86.886471,59.966447,64.020519,1.431510,0.717581,61.167092,28.178844,-1.596681,0.329425,85.536131,81.274559,78.780496
36,-0.646979,89.628905,76.912841,74.724277,1.939795,0.840025,82.031154,30.928778,-1.635203,0.217216,82.822781,78.815199,81.050106
37,0.235682,86.490851,63.775941,72.599247,1.695946,0.854620,66.318228,34.221128,-1.308281,0.509157,85.743078,85.478634,67.877585
38,1.386393,95.477399,80.738284,75.723803,1.678675,0.763849,72.062498,31.990589,-1.451427,0.313705,85.179077,73.335627,73.085594
39,-0.527245,80.277235,70.927733,53.827581,1.885337,0.802693,80.590691,32.832629,-1.484270,0.448720,78.715039,74.395123,73.768809
40,-0.641709,90.793425,86.525520,73.141122,2.282201,0.855144,69.396447,29.624233,-1.838438,0.214830,95.392413,95.678656,88.447993
41,-1.158336,88.284153,80.590874,79.717885,2.118643,0.790377,75.152300,30.699840,-1.346478,0.258546,90.946529,85.863125,76.210753
42,-0.752845,81.029126,60.605593,81.598583,1.449046,0.704424,73.925765,32.304848,-1.441130,0.440238,81.180522,77.212729,75.226571
43,-1.778375,76.752210,74.818693,49.778912,1.559509,0.686929,61.942489,30.963206,-1.549866,0.336331,70.612654,65.327812,65.530617
44,-1.520213,81.960262,74.842928,57.875760,1.384214,0.787735,62.537236,31.642971,-1.404103,0.498073,76.025803,71.850007,68.454075
45,0.017419,76.625507,53.212553,56.202177,0.992046,0.575355,39.442338,34.549809,-1.288106,0.673275,63.112523,55.389746,50.041701
46,0.501037,86.890449,65.637274,73.101147,1.541878,0.648716,74.456419,34.153349,-1.259350,0.439539,81.211064,70.067943,71.179645
47,-1.219838,75.774816,57.459272,46.733485,1.195522,0.763659,61.370610,31.698268,-1.552144,0.429627,79.570794,71.463947,84.548359
48,0.448881,70.974565,55.954876,39.941995,1.469558,0.750806,63.225246,30.768367,-1.283131,0.453629,78.235402,76.114496,61.037393
49,0.633619,90.796853,78.507022,55.397877,1.926625,0.861408,75.696401,33.974228,-1.284381,0.397384,83.692043,81.558157,71.010736
50,-0.903886,76.880908,69.462265,55.160622,1.261150,0.705659,66.275803,32.572486,-1.504730,0.348933,76.585516,77.090094,66.997446
51,0.877520,85.271270,65.138072,67.201901,1.836889,0.911854,77.390287,29.913893,-1.595007,0.193592,88.860443,89.379037,87.984419
52,-0.593975,75.902080,67.139562,57.872086,1.261397,0.703398,70.555033,33.126593,-1.374758,0.622620,83.614163,77.040944,71.633693
53,-0.295509,93.442885,66.282716,73.632551,1.891179,0.960000,87.732725,29.421274,-1.366464,0.223072,95.382392,92.490168,86.276731
54,-0.387606,70.626271,45.138514,40.385694,1.628299,0.756260,72.054185,29.970791,-1.159120,0.357118,78.896818,81.350070,77.429085
55,-1.053669,80.018607,84.246466,60.743964,1.248814,0.779850,71.112617,29.145471,-1.433308,0.423477,79.374959,80.075987,78.152106
56,1.366022,76.554721,60.963058,48.193652,0.707118,0.620907,62.353785,37.194822,-0.792241,0.754018,68.109427,69.089358,66.693769
57,-0.542017,85.280144,74.070774,58.844367,1.598413,0.597639,60.777612,32.970678,-1.112689,0.456436,72.924836,65.811546,71.686354
58,0.408426,88.084950,72.588542,73.354140,1.985664,0.834894,92.198200,31.058664,-1.294707,0.424235,82.200880,84.688137,75.097306
59,0.816784,79.332719,63.464073,43.631767,1.482363,0.777202,81.116740,32.792790,-1.301611,0.458745,75.232272,74.104999,70.723999
60,0.817419,81.717004,69.018758,63.292810,1.386619,0.783274,61.451360,35.273411,-0.976988,0.725993,70.932137,67.244644,67.765675
61,-1.595508,78.037106,64.738792,76.025848,1.569215,0.875151,68.486617,32.675160,-1.451113,0.440188,80.931130,72.926478,73.073333
62,-0.961367,74.316638,51.960415,64.251395,1.460543,0.646595,66.890815,33.180921,-1.307530,0.526638,65.620779,64.203382,62.475806
63,1.349176,86.399652,66.144743,68.734583,1.999913,0.960000,85.878314,32.131262,-1.156748,0.545085,87.095021,86.339671,76.487942
64,-0.015780,79.339697,60.293136,84.399134,1.031423,0.623355,62.665260,36.491384,-0.890911,0.800688,71.808601,68.619600,61.340415
65,1.987778,84.232651,66.825699,60.237617,1.478229,0.701300,61.117996,33.250735,-1.084627,0.465810,76.116817,87.408485,71.907330
66,-1.037717,98.000000,92.389975,79.432461,2.562892,0.960000,95.596140,26.984302,-1.958097,0.066018,100.000000,100.000000,100.000000
67,-0.631927,77.155152,62.856035,62.279253,2.321118,0.836550,73.028671,29.553288,-1.560723,0.460608,84.366889,85.471958,80.134156
68,0.083266,86.177936,61.640742,65.284644,1.459872,0.713318,75.400446,32.455387,-1.259679,0.502494,82.984237,83.482168,71.284896
69,0.953788,95.771476,99.324589,100.000000,2.196474,0.859023,84.032393,30.911890,-1.659368,0.295564,88.021373,78.150875,79.527990
70,1.249128,83.340172,74.341423,66.852640,1.597423,0.709785,54.966143,32.100711,-1.262248,0.347517,85.131556,78.978749,70.047124
71,0.605735,82.405956,72.824268,64.177955,1.735688,0.797707,62.401977,30.356569,-1.358371,0.480031,82.789845,86.572279,69.406670
72,-1.208095,85.056216,60.192992,66.778930,1.894707,0.869959,81.424679,32.808924,-1.367140,0.412525,85.007671,77.870078,72.328872
73,-0.183562,69.365172,55.693707,52.347380,1.674514,0.805453,76.815101,34.005210,-1.425619,0.475484,76.755985,71.265812,63.046636
74,0.709965,87.305723,68.184404,49.755986,2.070440,0.814125,73.352035,31.560263,-1.659517,0.306422,86.908286,87.031900,82.636546
75,-0.237616,77.420004,65.386886,55.207421,1.557992,0.751633,76.394199,34.299349,-1.262519,0.499633,78.922249,66.349114,78.882699
76,0.448851,83.719490,67.358405,54.482511,1.357571,0.686015,65.874930,32.741261,-1.388862,0.521374,75.627183,69.217063,76.024337
77,-1.192634,88.221234,77.222486,66.676688,1.597650,0.769957,61.877426,30.357731,-1.424022,0.458588,82.694683,77.862416,70.419825
78,-3.346142,76.447915,58.522654,65.466383,1.613048,0.740276,70.491329,30.232204,-1.571283,0.350233,79.233057,79.073240,75.365457
79,-0.847857,85.844031,63.411702,82.457409,1.650831,0.834222,73.503830,25.926003,-1.876496,0.162079,99.339406,90.800664,85.135221
80,-2.708749,96.542699,91.403803,82.016923,1.945475,0.869202,70.646838,24.000000,-2.500000,0.050000,100.000000,100.000000,100.000000
81,0.359824,82.941021,68.651456,73.641613,1.414006,0.743236,70.171554,32.658637,-1.275612,0.487883,81.122830,76.562301,67.839533
82,-0.914099,84.446141,69.805439,56.260981,1.426135,0.731103,69.410012,31.471667,-1.454479,0.443194,82.817533,84.161482,76.826775
83,0.061675,87.569657,71.985287,65.423594,1.919219,0.944337,88.209812,30.169837,-1.981387,0.257213,79.677086,78.008477,75.798308
84,0.365052,92.020572,85.327516,81.855588,1.746748,0.857329,72.450084,26.260802,-1.877379,0.181545,85.375934,83.714350,86.304195
85,-0.753601,67.013443,32.398506,33.283537,1.444866,0.714585,60.501603,34.111293,-0.898225,0.579768,53.568983,55.472888,44.985393
86,-0.262314,86.544245,65.358572,68.213129,1.606908,0.697136,78.889541,30.287750,-1.396996,0.262803,88.974011,82.587183,81.869993
87,-0.849003,85.371560,67.356598,50.171141,0.795001,0.637365,59.233376,32.881278,-1.138356,0.414753,69.768255,71.478256,70.533240
88,0.595023,89.197048,83.354380,78.153017,1.852683,0.862942,71.308657,31.962256,-1.496846,0.309936,89.823492,82.860547,79.183784
89,0.493500,90.636698,91.788422,83.923652,1.776126,0.682293,71.244735,30.718838,-1.168708,0.591702,83.795400,80.254991,73.485857
90,0.099553,80.000627,53.748082,41.851697,1.574839,0.917527,73.217152,33.208215,-0.977112,0.627256,71.419765,66.861846,66.521787
91,0.377911,86.970273,85.469792,62.220344,1.453840,0.822133,74.040420,33.278720,-1.691434,0.380181,86.250409,88.461498,86.634486
92,-0.237057,88.553297,76.355861,72.902736,1.829459,0.862349,72.632424,26.147080,-1.967948,0.183967,80.805022,80.961745,67.185864
93,-0.794863,94.353869,87.501538,71.068931,1.637658,0.759549,63.377254,29.245888,-1.673561,0.399489,90.959428,86.158994,77.274746
94,1.419169,79.431641,58.589956,60.559405,1.540573,0.808559,62.159860,31.966275,-1.104704,0.526379,71.918242,72.287932,51.882403
95,0.658716,81.886296,62.344363,52.012240,1.268168,0.723308,71.102299,32.102832,-1.526472,0.433544,71.211546,73.196888,63.064467
96,0.438433,93.072393,71.120844,81.778211,1.465074,0.728067,84.027321,32.894610,-1.794391,0.333332,81.715460,81.386753,89.029437
97,1.147217,74.832286,57.099411,40.638047,1.524804,0.696807,84.684795,33.123746,-1.257664,0.609708,82.848433,74.660167,77.664304
98,-0.087820,80.138693,58.413435,56.851246,1.309526,0.730580,75.990952,29.684336,-1.203582,0.649416,84.623546,80.455762,74.681804
99,0.180220,79.666721,50.050947,24.722391,1.314141,0.627888,44.040454,34.170403,-0.977329,0.536832,66.340121,61.624797,67.302189
100,-0.769675,83.828143,72.908716,76.664651,1.736331,0.900904,81.562522,31.599145,-1.379160,0.435950,86.474247,84.922147,89.387906
101,0.459056,73.881424,80.543163,56.559901,2.055718,0.932259,86.109011,31.137520,-1.256819,0.373042,87.032688,80.963771,88.103089
102,0.703346,75.677728,45.416310,57.957787,1.581260,0.712622,77.688368,36.580306,-1.034911,0.731855,59.893414,59.537345,59.569174
103,-0.228109,91.733634,72.004314,69.562014,1.176171,0.704308,59.776635,30.881562,-1.614034,0.525859,80.071531,74.785178,75.995477
104,-2.042958,73.970779,69.836340,47.977062,1.291850,0.691655,74.360882,28.512183,-1.543269,0.253653,83.101194,85.212366,77.468368
105,0.650380,80.633761,79.882609,64.490038,1.674643,0.790287,76.703012,32.515189,-1.347832,0.409576,82.799261,76.720360,76.025059
106,-1.579851,93.489528,58.200695,81.824811,2.088089,0.865670,92.611832,27.191523,-2.017952,0.050000,100.000000,96.753350,94.686785
107,0.719689,81.290540,66.513847,71.187004,1.396553,0.785245,75.796899,32.222650,-1.448475,0.385916,86.459147,77.275471,71.018223
108,-1.141056,82.259684,100.000000,77.008028,1.768088,0.838797,66.962091,30.470211,-1.755137,0.361251,84.101820,87.577255,80.568588
109,-0.296403,84.843449,77.496529,62.169951,1.501128,0.803360,58.704634,33.882605,-1.705818,0.645377,82.504544,83.824363,75.828294
110,0.929633,75.555230,59.932070,37.514892,2.070584,0.817857,72.115491,32.284337,-1.434966,0.322660,82.802665,78.313233,75.239694
111,-2.513819,79.877373,51.731887,48.397349,0.995523,0.615538,36.227311,31.401043,-1.142777,0.457136,75.394312,65.356453,61.751361
112,0.569128,81.093735,70.435979,71.222707,1.627723,0.632723,69.172728,32.620742,-1.075492,0.610825,84.397828,76.280738,83.116091
113,0.768074,82.937306,64.177621,43.349378,1.313466,0.795919,58.485934,33.358021,-1.201197,0.705478,77.600301,74.728565,74.898595
114,0.268199,79.399077,81.888764,75.048607,1.808363,0.836301,74.223674,32.905171,-1.388626,0.555091,76.396901,70.169730,65.643362
115,1.146295,87.073164,62.695966,64.759770,1.329506,0.676795,67.269871,33.592199,-1.535623,0.503069,75.178583,69.661114,68.686948
116,-1.936678,82.899299,54.586575,42.512158,1.426135,0.675443,73.066247,32.674203,-1.295729,0.442752,75.388284,69.696750,69.828527
117,0.093769,78.701055,80.616586,84.741412,1.658424,0.753753,81.615901,32.392631,-1.271879,0.427608,79.058096,83.026946,80.311754
118,-1.325435,77.953739,74.909776,68.702938,1.761306,0.789703,50.309928,33.413189,-1.503008,0.350680,76.005950,76.779518,77.733807
119,-0.620590,87.042204,81.143630,79.924563,1.679439,0.873648,74.736172,28.799847,-1.921846,0.355515,88.230088,82.892809,75.713155
120,1.016130,89.827528,97.194801,67.221768,1.551471,0.669378,60.286416,30.803762,-1.140973,0.401156,86.797791,82.345311,84.358341
121,-0.067838,82.442317,73.571166,79.878821,1.858990,0.856568,78.733114,30.902922,-1.673119,0.351615,91.251628,88.989537,78.250947
122,0.024107,79.030993,80.619194,63.322715,1.414154,0.742876,90.885316,33.053873,-1.404672,0.507566,78.503308,79.690114,72.497302
123,0.752431,84.514797,72.746748,78.798435,1.546334,0.737086,84.160009,34.130291,-1.462138,0.547112,78.104246,79.159692,55.860600
124,0.926725,86.793981,77.803533,67.943454,1.671099,0.815136,84.594615,30.114865,-1.681842,0.551616,79.891744,82.187473,74.475357
125,0.999259,83.079487,84.927107,66.361239,2.393527,0.926285,98.000000,33.441990,-1.480044,0.524805,77.920750,78.733205,72.089192
126,0.621151,88.749771,87.780115,90.016070,1.721783,0.704016,69.964344,32.445484,-1.278518,0.590015,88.254498,81.302522,77.176021
127,-1.862307,79.251721,65.714542,66.802059,2.073696,0.808989,98.000000,27.276910,-2.150433,0.050000,95.496337,95.249032,100.000000
128,0.213802,95.614033,100.000000,90.203263,2.149828,0.911663,88.380904,29.990716,-1.592073,0.300100,85.686565,91.271173,90.095579
129,0.114588,79.709950,62.368056,62.965710,1.842532,0.808848,68.024842,33.127941,-1.326995,0.545250,83.204412,64.210013,65.743378
130,-0.027800,81.690050,63.637335,60.408430,1.624645,0.763149,73.903054,34.417077,-1.356870,0.447636,73.234986,74.900832,74.872620
131,1.160082,84.685961,61.983724,50.614709,1.385124,0.698389,77.369003,33.725398,-1.532949,0.496286,78.007096,72.272915,61.953762
132,1.415654,80.624156,67.140589,43.069400,1.884818,0.817867,88.145819,34.214777,-1.097105,0.578022,74.769258,71.000453,71.274900
133,-0.116861,67.399121,56.491974,21.443709,0.947565,0.717047,56.256681,34.332071,-1.108589,0.634380,61.291694,67.174127,59.883032
134,0.668981,84.666161,62.560839,84.503829,1.778987,0.739249,78.952940,32.309899,-1.321330,0.450478,84.402883,81.656232,61.523710
135,1.119411,86.483625,77.539171,66.257932,1.606386,0.768219,84.902388,33.820325,-1.374534,0.467908,89.081348,88.177134,85.384739
136,-0.659307,91.827572,69.333549,84.857414,1.841578,0.743076,68.871157,31.588016,-1.884949,0.400670,88.902909,81.973474,87.598906
137,-0.068949,92.974145,89.755952,87.204671,2.037445,0.930690,98.000000,26.619795,-2.134414,0.085321,100.000000,100.000000,98.497280
138,-0.394755,80.777466,89.366598,88.879267,1.709867,0.918022,96.028468,27.915236,-1.941552,0.289442,96.637418,90.155668,83.002967
139,-0.521772,79.026572,76.382416,47.598454,1.666300,0.767673,89.177040,30.081911,-1.358779,0.415448,79.018716,68.062911,66.885245
140,0.097124,87.414483,75.694445,62.620460,1.331279,0.705992,73.403270,31.557662,-1.635421,0.520858,72.687822,76.013212,67.093967
141,-0.918147,80.118350,61.076815,63.866431,1.367917,0.753923,65.940293,34.398223,-1.343021,0.554827,73.695798,75.910811,70.208034
142,-0.638455,81.601985,65.042215,50.037268,1.350322,0.777647,66.365697,29.893579,-1.342200,0.332666,75.826719,64.444353,74.085679
143,0.877214,80.879582,66.653173,80.887552,2.273599,0.920903,74.392829,31.317147,-1.524424,0.388081,87.211482,84.700664,90.973921
144,0.704174,79.455755,62.181530,69.191554,1.819988,0.705534,71.494071,31.801557,-1.163426,0.465485,82.683604,80.755211,86.309708
145,1.558469,86.436412,82.086250,68.151995,1.909336,0.855190,75.300359,30.792440,-1.294148,0.441022,86.415996,79.344405,77.307540
146,-0.969776,86.433287,65.202040,66.539210,1.818290,0.852590,71.005793,29.359533,-1.794314,0.323577,91.642791,87.999453,94.969583
147,0.376637,79.005904,55.064310,64.836148,1.107816,0.617361,69.680274,34.637272,-0.971794,0.702371,74.775013,68.808474,79.662357
148,1.491834,85.113836,77.152248,66.042601,1.684735,0.730307,68.569302,30.131928,-1.411691,0.370595,73.693101,71.950335,72.677260
149,-1.068600,85.543768,85.857379,77.400483,1.606193,0.684520,86.366706,29.791728,-1.743496,0.448899,86.189854,88.472149,81.230578
150,0.342706,85.301485,64.338426,54.243288,2.046783,0.870104,85.765051,32.279942,-1.410254,0.358924,82.733950,87.497771,80.049551
151,-0.877854,80.845860,63.217556,67.298610,1.232602,0.619654,59.865794,31.743578,-1.428373,0.422802,86.714459,84.704954,80.205124
152,-0.775906,86.767189,62.837459,60.537228,1.520957,0.742887,83.535336,32.863427,-1.290757,0.447136,82.941815,75.010949,81.575289
153,1.026476,88.614003,87.972310,81.789650,1.937567,0.815575,86.381063,29.354076,-1.487473,0.398379,90.414655,83.975561,83.008012
154,-2.881722,73.985274,50.142114,48.105783,1.548293,0.712905,73.392676,30.912287,-1.510029,0.390741,73.856192,67.477158,63.319744
155,0.016964,96.985321,95.758811,80.330425,1.701568,0.866396,83.723655,30.978772,-1.439199,0.314784,91.267620,79.137886,86.975766
156,0.040479,82.676891,72.163295,58.285820,1.815581,0.761283,82.775681,33.321436,-1.229137,0.423623,90.501062,79.009349,88.599372
157,-0.022993,90.721784,68.208791,76.545006,1.675427,0.883524,80.574316,28.954146,-1.872658,0.268695,97.832457,91.185671,90.011450
158,-0.106701,87.240860,70.899463,68.307221,1.775185,0.788658,76.131961,28.715407,-1.633889,0.319965,85.081915,73.624369,82.432736
159,-0.825208,84.098868,96.837331,88.606222,1.780594,0.960000,73.133231,30.191600,-1.544043,0.225891,87.776326,84.982697,86.727877
160,-1.162184,75.838450,64.973451,58.880628,1.278088,0.844755,74.613669,32.458919,-1.873499,0.388651,85.511452,78.447422,67.229963
161,-0.122931,72.405127,62.403100,38.457253,1.151355,0.626532,64.127709,30.788721,-1.471119,0.390548,64.869505,65.481932,58.943543
162,0.837361,91.286029,85.813402,80.184260,2.222245,0.960000,95.840735,29.675102,-1.794448,0.403196,93.997656,88.649064,91.726759
163,-1.962172,89.986800,84.526913,53.758285,1.876617,0.784994,73.427834,31.482569,-1.528700,0.311673,76.509131,85.110119,92.225937
164,-0.399003,77.264749,76.797683,51.949720,1.502186,0.704462,78.594138,32.045371,-1.421719,0.430109,81.404748,70.202699,70.717381
165,-0.463789,82.947817,73.356018,58.300403,1.776339,0.722980,67.623445,30.655405,-0.974053,0.547528,85.358834,80.942913,74.394839
166,-0.077055,83.295525,61.514887,81.598057,1.357194,0.711983,58.795115,31.343546,-1.271015,0.458725,73.999569,63.345547,60.428656
167,-1.617175,88.916286,84.457607,82.926099,1.830054,0.812696,73.568213,29.004031,-1.446074,0.284571,86.183755,83.166078,81.402685
168,-0.888824,80.030155,78.047732,64.692437,1.573407,0.666014,55.579430,28.679349,-1.933535,0.342234,76.218994,73.531498,69.364746
169,-1.752757,94.045927,65.763936,88.764322,1.933753,0.757923,80.092103,28.152610,-1.875496,0.161240,92.783323,86.085907,80.157291
170,-1.165736,78.920924,53.082202,53.255713,1.743664,0.783887,78.878425,30.948568,-1.462661,0.422313,82.574435,84.481273,84.565606
171,1.149103,96.261680,77.329958,79.394226,2.196122,0.946157,89.055850,29.561830,-1.360038,0.325840,100.000000,95.169579,90.776121
172,-1.263509,94.720135,80.205055,91.220270,2.017194,0.735103,79.895592,27.801641,-1.702924,0.180583,95.277493,86.020331,87.523344
173,0.009682,96.657348,58.760452,56.135581,1.933385,0.828424,73.913025,30.573113,-1.506221,0.415492,87.727279,88.231020,75.957492
174,0.401268,87.396894,82.536738,68.353577,1.485837,0.834275,75.063202,32.677310,-1.423093,0.482699,88.007183,79.745014,79.148948
175,-2.375062,83.561823,72.859217,55.718481,1.194472,0.701519,60.458158,32.086388,-1.190529,0.463614,78.739068,76.665954,75.085874
176,-1.467123,81.793694,69.281013,59.255020,1.628821,0.750592,69.286397,30.150665,-1.085310,0.550388,82.656861,76.658777,77.396507
177,0.325786,84.645535,72.473973,36.152443,1.691370,0.864742,76.857222,32.131823,-1.579071,0.581430,77.480858,74.806706,68.245827
178,-0.086598,90.528429,73.582761,67.407765,1.197107,0.597423,55.557807,34.966772,-1.175446,0.605986,69.696511,63.387646,60.414255
179,0.369541,93.316070,94.779475,71.675800,2.317819,0.912780,95.537474,28.044690,-1.718427,0.145460,100.000000,100.000000,99.415561
180,-0.437040,73.657522,54.090876,66.267276,1.546318,0.782711,79.799077,33.005792,-1.284863,0.523717,66.653052,64.683899,72.709155
181,1.760109,94.496545,83.339452,68.233626,1.871674,0.960000,92.048411,30.848199,-1.569091,0.480175,97.965823,89.402021,91.729020
182,-3.397829,58.195981,47.170904,29.576370,1.054220,0.659285,52.049737,30.255234,-1.195660,0.377178,59.027178,46.417925,46.038843
183,-0.286639,80.325040,52.046588,66.678550,0.823536,0.636887,71.092272,34.550065,-0.899679,0.549221,69.798481,59.341533,67.885171
184,1.118999,86.563363,87.998494,65.787803,1.838992,0.700215,67.396701,30.791860,-1.630182,0.430094,84.124228,80.382871,74.019917
185,-0.274271,84.218612,48.967692,45.642845,1.773139,0.677270,61.383972,31.332585,-1.432944,0.337332,83.221034,84.341492,79.180761
186,-0.177569,94.172744,86.409072,72.295792,1.785776,0.702961,87.412206,29.929554,-1.811952,0.267578,97.309888,87.714652,86.601846
187,0.021374,83.325862,75.693791,65.282197,1.935326,0.679267,64.425564,29.526961,-1.202241,0.400849,87.553714,88.456550,79.919787
188,0.400706,72.156782,54.254038,43.152665,1.032622,0.620496,63.129733,35.654392,-1.192822,0.730579,74.271222,55.711347,56.120439
189,0.511050,88.085002,79.481241,62.158253,1.516055,0.803533,62.340687,29.888478,-1.422916,0.428433,70.245406,63.936509,62.534657
190,0.232842,80.303863,73.428105,79.198554,1.519384,0.738004,81.726799,32.491004,-1.177367,0.478223,77.080572,80.474145,76.501259
191,0.027914,77.035847,60.608516,61.240120,2.002452,0.757631,80.242224,30.841424,-1.204650,0.487138,74.932390,73.684762,60.832015
192,-0.164648,76.738905,60.719433,51.453819,1.804477,0.778005,59.850842,32.431295,-1.298124,0.524988,73.882589,76.566110,59.983551
193,2.338681,81.409842,69.501869,69.444244,1.425615,0.723927,82.573046,35.874030,-1.103217,0.771675,70.539356,70.414072,72.192438
194,1.674242,76.802443,66.595540,23.613832,1.455311,0.699413,64.325853,34.108932,-1.237007,0.612625,65.186054,66.473606,53.919363
195,0.088821,81.569900,57.365405,51.040938,1.421034,0.802354,51.034265,31.784746,-1.144736,0.558358,78.166518,69.720000,67.316482
196,-0.420525,82.018394,68.540996,70.598577,1.372992,0.767475,57.516580,31.657117,-1.524281,0.521205,76.803885,83.892984,70.766910
197,-0.194842,79.007857,71.525743,67.797900,1.418436,0.743473,64.962819,30.109097,-1.231619,0.388697,83.456007,88.554862,76.975751
198,0.584169,85.968763,88.110035,54.620780,1.821848,0.788919,98.000000,30.667946,-1.597068,0.285828,88.264363,94.525599,93.335427
199,0.640288,87.347576,71.618288,74.472481,2.248601,0.915810,88.982736,31.601895,-1.621979,0.384822,86.889743,88.528556,85.505724
200,-0.893340,86.189230,82.431344,67.790273,1.900257,0.806507,78.570960,29.034202,-1.941700,0.133540,88.077908,86.161884,80.979565
201,0.942805,85.631774,74.057560,58.989938,1.499943,0.848086,56.663312,31.632974,-1.439520,0.513104,83.351947,84.285332,71.928463
202,0.921928,90.710923,86.491601,72.207108,1.981375,0.847427,73.623539,29.720539,-1.592393,0.468313,89.842637,93.253491,89.510477
203,-1.640968,82.525562,79.055057,51.040741,1.674482,0.678126,75.742087,29.954276,-1.630144,0.279074,79.147512,68.759470,72.559671
204,1.404862,87.995402,88.325881,65.577663,1.510486,0.760887,73.735191,30.881282,-1.502716,0.358607,76.653311,72.672511,61.215963
205,0.874609,87.605957,77.812608,77.323338,1.846361,0.770527,63.033041,31.879660,-1.512403,0.322879,83.861381,87.638314,86.364820
206,-0.017709,79.718090,76.468365,49.677783,2.030186,0.795345,97.803817,29.668012,-1.547614,0.488410,89.367295,86.553733,88.350965
207,0.733225,80.085759,64.760884,67.356310,1.528545,0.783628,72.999652,32.757686,-1.352142,0.468298,75.916078,83.186192,72.592561
208,0.218831,95.628795,73.270371,79.782507,2.042268,0.871148,79.586094,28.785349,-1.768026,0.296626,95.020079,88.089197,75.828434
209,-0.410057,81.205028,78.932720,64.632250,1.808212,0.842876,83.564205,30.374471,-1.441563,0.418954,80.030902,73.484165,68.213753
210,0.205654,94.627946,77.853503,83.498379,1.641181,0.782325,81.495204,29.894589,-1.935289,0.188679,90.423730,86.491752,80.555835
211,0.789372,72.756841,51.770254,52.164398,1.049728,0.602662,46.942956,34.733462,-1.188717,0.550793,74.195196,66.865025,73.321612
212,-1.733112,81.670550,77.619611,56.328187,1.929394,0.873627,79.700052,26.409864,-1.929050,0.189504,81.704693,76.203290,73.188021
213,-0.307521,88.173357,77.617515,91.242535,1.850567,0.743075,66.236111,32.670021,-1.342329,0.326446,87.929190,86.153920,70.271286
214,-1.460482,79.745691,62.922009,55.547579,1.499329,0.779954,84.483936,31.930861,-1.321488,0.382491,70.153472,60.924920,72.598366
215,0.173315,65.651542,57.849269,45.174487,1.541048,0.794183,72.444141,33.125286,-1.685554,0.636662,76.067652,62.057681,62.380116
216,1.175380,82.125147,79.276935,88.808485,1.878273,0.766265,76.910637,31.296464,-1.181139,0.369636,87.501628,79.906152,65.678246
217,-1.607288,88.557768,65.470617,53.435843,1.614375,0.779228,79.190983,28.089027,-1.516175,0.187687,82.952959,71.885896,78.346886
218,0.482169,81.182732,68.153293,65.909228,1.607810,0.743157,86.988762,32.730276,-1.088377,0.486869,88.002231,77.008825,66.505341
219,1.335064,82.629068,77.927939,68.725344,1.962741,0.894007,69.578217,31.811226,-1.627850,0.445177,77.951983,81.241696,76.399532
220,-0.758681,88.337567,66.656207,68.827461,1.744252,0.761610,72.394503,30.629073,-1.462894,0.469918,76.230533,77.747879,62.411500
221,0.078113,76.380570,65.882995,75.386462,1.285705,0.712925,67.308001,32.295756,-1.128425,0.494678,81.443637,72.093999,80.692280
222,0.050677,86.444183,76.132177,71.268480,2.002019,0.769732,80.362058,27.036632,-1.613317,0.292219,84.469616,88.003511,86.224733
223,0.857297,93.243862,72.665458,77.405135,1.432987,0.860636,75.607699,34.152414,-1.090083,0.516506,83.653731,85.527592,81.519240
224,-1.767515,87.498186,69.967980,66.890701,1.526160,0.845341,69.898978,28.129505,-1.769455,0.175696,84.567169,87.539346,88.779840
225,-0.224342,77.858511,50.533196,50.697837,0.924166,0.630560,43.020824,35.738631,-1.100180,0.637002,63.686584,52.473895,58.194280
226,-0.287097,79.307223,69.300291,55.330933,1.723012,0.747961,64.723826,28.584841,-1.647281,0.256474,85.295164,94.771508,78.637257
227,-0.120057,78.051753,62.346234,63.682910,1.175375,0.628191,69.297025,31.824656,-1.206634,0.462875,79.989245,75.556163,72.743473
228,-1.159486,86.465364,61.378726,50.891892,2.143267,0.804389,77.139182,27.306585,-2.176345,0.221770,93.521362,98.322703,95.918040
229,-0.232222,93.304898,93.644379,94.194392,1.960403,0.778756,83.130691,30.411777,-1.776689,0.346710,94.146833,82.942455,86.670380
230,0.172728,88.238278,91.814163,73.324766,1.631987,0.855869,78.675907,31.058224,-1.633535,0.446809,84.211630,77.599397,71.865665
231,-0.469239,83.672462,70.758409,49.148086,1.790784,0.811638,81.949094,31.522115,-1.005547,0.466523,77.289744,82.663462,86.529933
232,-0.504890,92.327883,79.239642,42.310954,1.780890,0.849406,86.982904,31.121194,-1.427968,0.479644,82.057905,76.475467,68.374878
233,0.372532,92.582151,74.709798,73.705470,2.018295,0.960000,94.366167,31.726233,-1.638441,0.384827,94.582885,93.694423,96.560304
234,1.754569,84.012397,84.141875,66.103726,1.923849,0.705597,74.047537,33.797292,-1.154186,0.422411,72.079318,66.496577,69.020385
235,0.776611,88.842715,60.745653,87.161657,1.598925,0.795797,69.185978,31.259915,-1.817399,0.319644,81.901199,75.925248,75.327347
236,-0.867321,88.286710,81.296432,79.629791,1.573380,0.839764,82.307819,28.383240,-1.558647,0.122366,89.007527,84.045628,97.965354
237,-1.373309,98.000000,100.000000,100.000000,2.281889,0.926675,83.802352,29.418881,-1.629961,0.294204,100.000000,95.270256,85.573535
238,-1.419117,79.679111,85.546420,65.850214,1.769776,0.742452,59.575522,30.271238,-1.763934,0.258838,86.260368,82.786519,74.917563
239,0.978436,87.771693,71.588902,74.786380,1.435231,0.789906,70.324273,35.561408,-0.899458,0.676412,74.667939,68.432084,71.213475
240,2.088459,81.892381,71.385539,78.043961,2.101781,0.896214,90.518433,31.112414,-1.440435,0.462843,87.473133,77.111878,81.314859
241,1.017047,85.563758,76.828954,62.913923,1.620772,0.693219,65.403676,34.268728,-0.776411,0.686073,83.486146,77.949048,83.359906
242,0.371004,97.347817,83.009688,95.869541,1.824204,0.910066,95.341804,30.821459,-1.383869,0.439016,91.391577,92.266868,91.115233
243,-0.154982,78.211895,58.924744,28.923974,1.831486,0.762757,74.136006,31.057522,-1.227620,0.449591,71.633840,71.096705,59.904330
244,-0.876498,70.615355,56.553157,41.334649,1.169245,0.655105,49.602623,34.574708,-1.105110,0.644986,65.274454,56.398155,68.225128
245,0.080210,81.740958,56.050310,49.562252,1.168613,0.736346,78.085234,34.621002,-1.016517,0.638942,76.210476,76.144855,69.302487
246,-0.533336,77.984838,67.009608,52.078847,1.258718,0.724395,69.621481,32.246850,-1.234098,0.568588,77.424506,67.997173,82.389131
247,-2.412936,81.526128,67.282801,79.794208,1.563810,0.754877,83.235746,30.536706,-1.392764,0.358150,86.255943,73.068690,82.591103
248,-0.639100,90.253976,81.365351,97.228730,2.377945,0.891877,92.015209,28.678390,-1.809901,0.257094,89.109601,87.982797,75.923507
249,2.363975,76.108951,58.533048,56.494531,1.353344,0.658580,64.162715,34.523242,-1.038032,0.689636,72.028584,67.331808,64.281160
250,-1.930528,77.379401,69.210562,52.595886,1.615200,0.791255,65.380693,30.552978,-1.421163,0.331744,81.750659,78.877643,78.460024
251,1.996001,72.038368,73.282318,70.462534,1.213522,0.667363,74.416684,33.475427,-1.174382,0.533057,73.444630,70.888406,65.414930
252,0.023747,90.773801,61.719824,52.844054,1.311824,0.716384,87.428677,31.512163,-1.565907,0.264553,78.801618,82.383460,72.843855
253,-0.310576,91.464245,67.762181,97.296036,1.459883,0.837030,78.408193,34.118304,-1.454418,0.506818,78.201569,68.804686,71.521007
254,1.855913,91.159015,86.712606,86.610896,1.830784,0.769461,72.488492,29.924699,-1.624001,0.307509,86.903298,88.486448,85.963132
255,0.394450,97.212805,88.470383,92.806217,1.629606,0.733665,77.403841,29.748127,-1.772993,0.422706,83.978866,90.947702,80.509706
256,0.174060,98.000000,97.293623,80.444383,1.869956,0.828700,92.466920,30.524311,-1.845727,0.206332,99.159892,92.407765,91.788139
257,-0.590744,96.907202,95.059419,85.278537,1.651301,0.707799,53.010253,30.280538,-1.858129,0.257345,89.313929,94.418804,92.642216
258,-0.952919,89.068505,62.988042,62.954885,1.951815,0.870335,95.818449,28.528163,-1.889133,0.313869,87.925443,83.918976,96.907213
259,-0.852852,90.077496,70.124238,88.047761,1.744730,0.792614,62.761972,31.159233,-1.765835,0.450896,89.959126,88.009868,83.523884
260,1.225747,80.969678,85.358673,52.113221,1.474638,0.758862,73.509509,33.936461,-1.281040,0.472557,72.677168,68.390393,58.065006
261,0.513354,83.010392,78.563618,72.358758,1.411532,0.708890,64.551601,29.328757,-1.208291,0.453147,81.897362,80.802500,82.197093
262,0.719665,86.988059,88.395202,86.489538,1.742535,0.792993,86.728064,31.725839,-1.477651,0.486910,84.937297,92.480353,78.835020
263,-0.518020,74.550484,61.387158,60.123423,1.287997,0.696865,66.290103,31.183409,-1.367568,0.555504,77.639576,64.679476,63.378856
264,1.476166,83.550252,60.048931,57.257915,1.277265,0.682159,53.468461,35.076788,-0.952166,0.682488,77.401575,75.107685,76.170027
265,0.934083,75.872215,66.179989,60.611318,1.294780,0.668003,60.644210,31.887107,-1.289171,0.408114,72.593004,65.851041,49.604660
266,-0.647978,81.409445,57.780428,53.685324,1.671360,0.829050,69.750611,30.438052,-1.765060,0.233272,82.328744,78.819291,84.163176
267,-0.334794,75.715579,52.345305,58.284063,0.847152,0.599640,32.953816,32.823801,-0.813416,0.725192,64.733362,68.554678,57.636762
268,0.747252,97.299229,89.135364,86.435675,1.712147,0.830882,79.987978,31.516545,-1.550635,0.564306,93.020808,84.316102,90.128610
269,-1.039025,77.154635,66.124979,52.026150,1.549383,0.749336,62.622470,32.043751,-1.760290,0.400023,81.559241,82.859233,76.651001
270,0.949539,71.900019,52.974266,31.506352,1.900956,0.746323,77.464018,34.345881,-1.090735,0.690536,64.665211,59.985194,60.795401
271,1.759158,83.813299,72.228543,57.103512,1.526597,0.728092,61.952105,34.140676,-1.069886,0.639060,75.389505,67.760999,61.231874
272,0.718650,75.392336,72.937845,48.005292,1.556711,0.714024,68.618895,33.851275,-1.426746,0.741729,71.410388,68.892213,72.264877
273,1.334416,91.981565,62.245280,77.015231,1.577967,0.794581,74.990611,31.403744,-1.463003,0.420867,85.733538,79.013883,79.770958
274,0.268113,89.523700,90.411163,63.620013,2.026351,0.931887,92.411541,25.622221,-1.905955,0.107845,100.000000,92.945002,96.318000
275,1.027660,78.662681,77.089461,95.604163,1.699382,0.747543,69.428464,30.972094,-1.290240,0.582472,81.601613,73.690869,70.796671
276,0.475580,86.263615,77.925326,68.302316,2.210359,0.960000,95.421202,31.902797,-1.411202,0.338769,93.892173,92.710590,89.996527
277,-0.252736,83.761361,80.521236,58.758366,1.590989,0.888055,80.189476,33.182339,-1.283199,0.413985,86.430717,76.386956,75.209271
278,-0.058463,86.796439,74.459528,69.060582,1.842153,0.807793,69.643121,30.319542,-1.645377,0.296415,79.461757,83.439956,78.630473
279,-0.369374,93.424502,84.758137,65.303267,2.019935,0.864186,90.051178,27.318411,-1.685235,0.267354,100.000000,99.448127,87.544296
280,1.206407,83.588555,78.907451,73.197981,2.107503,0.835074,81.785241,31.070075,-1.475696,0.517432,83.411558,77.181477,71.744425
281,1.071100,81.336295,74.199362,58.412686,2.375551,0.899889,93.082507,31.218764,-1.397217,0.262408,97.361031,83.591759,84.169067
282,1.171037,81.352720,67.367904,52.543595,1.489354,0.717825,60.686770,31.966501,-1.530073,0.389717,77.576756,79.397503,76.758691
283,1.800552,86.656629,71.608851,77.690841,1.498028,0.694369,56.517547,33.846568,-1.082014,0.535438,72.581897,59.332292,72.857890
284,0.579286,91.318639,68.395156,69.818064,1.677618,0.835674,66.428432,29.372169,-1.265595,0.382859,77.662618,75.531039,65.061852
285,0.883093,90.914235,89.933645,81.537630,1.604981,0.782111,83.030639,32.928177,-1.452862,0.470785,82.934661,79.106642,79.269974
286,0.015069,80.768788,77.054829,57.676147,1.833538,0.754501,78.300202,31.366864,-1.434367,0.476217,83.529555,80.846108,81.548223
287,0.276964,69.176806,53.903973,56.496079,1.083688,0.724238,65.140720,35.648767,-1.222222,0.593502,59.423340,65.411176,51.298335
288,0.754008,87.350599,89.791474,69.958010,2.355019,0.903126,82.137133,31.303067,-1.571700,0.380145,94.175608,99.921828,96.968967
289,1.580353,87.710288,84.429083,68.765288,1.313850,0.692635,69.809777,31.814812,-1.010607,0.430450,75.926963,80.017756,68.775747
290,0.765735,83.421623,81.624524,67.478613,1.230748,0.771616,60.279607,34.806101,-1.190390,0.721061,77.521891,71.106087,75.447465
291,-1.910355,82.597842,60.441673,31.438607,1.359257,0.635560,57.085001,30.550541,-1.676141,0.309957,76.784931,73.875610,74.714405
292,0.543433,88.524819,78.213564,66.144048,1.455051,0.755659,85.614003,30.986531,-1.609981,0.236888,79.408517,79.793703,78.134016
293,1.023008,85.547029,79.463931,54.444035,1.605446,0.729559,80.939485,32.261477,-1.241886,0.535974,72.186607,72.851977,71.234539
294,-1.258658,90.953941,85.644460,72.754021,2.468893,0.936378,92.805456,27.445104,-2.023450,0.095806,100.000000,94.809995,100.000000
295,-0.425854,98.000000,95.741148,87.845279,1.934638,0.793419,87.580447,28.696246,-1.724535,0.062762,98.368430,97.320304,100.000000
296,0.727123,76.851400,77.137902,72.651347,2.048958,0.906866,96.117413,30.919383,-1.410139,0.476770,87.377933,91.195724,84.949929
297,-0.055469,79.472959,81.945729,79.419975,1.309880,0.732919,74.140569,33.877977,-1.455447,0.537046,84.258508,70.704602,68.515359
298,-0.099110,83.459137,68.420168,76.982105,1.646925,0.841784,65.445484,29.497386,-1.693357,0.372416,77.918045,74.433561,68.959013
299,0.698479,76.146750,57.155813,48.260160,0.777146,0.673563,58.320691,35.410452,-0.988133,0.665719,66.821542,50.612472,47.762807
300,0.851300,88.936328,78.109766,50.979363,1.374764,0.734558,68.855675,32.005284,-1.391700,0.426747,84.698972,75.875100,75.842028
301,1.138800,76.447994,70.935514,68.229138,1.790622,0.819426,62.938132,29.849315,-1.434535,0.328290,83.995185,76.759499,77.484800
302,1.042453,86.795334,77.483527,80.712636,2.109260,0.888540,90.520148,32.691821,-1.055811,0.512739,87.380780,89.263660,80.888422
303,-0.138254,83.674041,78.364676,58.173694,1.940571,0.878389,74.889625,31.701535,-1.290935,0.361222,90.129448,87.011181,83.279730
304,0.293691,93.516231,80.948806,60.765459,1.450935,0.763174,78.322573,33.945096,-1.504069,0.418352,83.891522,93.180652,83.328104
305,-1.108129,96.338391,98.572101,90.435913,1.909080,0.960000,84.314525,27.650891,-1.761761,0.344417,100.000000,98.438658,94.042508
306,0.616357,91.027645,67.379885,61.086892,1.657643,0.777086,70.199824,31.284586,-1.521267,0.447038,70.004388,70.380234,67.630676
307,0.493689,96.007517,65.589328,60.591747,1.983361,0.949384,76.569186,30.494261,-1.555658,0.320855,94.104742,87.350726,85.278314
308,1.723711,97.348154,91.111759,98.144570,1.753689,0.888346,76.492278,30.372043,-1.335732,0.377607,75.110476,70.419565,65.040866
309,-0.377737,74.381747,47.742926,36.797572,0.870820,0.635113,50.699364,34.866008,-0.907764,0.694286,61.825195,68.314425,57.694112
310,-1.886678,88.221107,89.083817,78.320339,1.948692,0.795793,91.242801,25.219826,-1.831129,0.115500,98.408108,92.824265,96.182033
311,0.357036,83.734574,86.916044,64.298150,2.247175,0.953928,82.672659,29.384155,-1.731421,0.156449,95.839449,100.000000,99.689150
312,0.694487,88.446313,67.473842,53.368498,1.796087,0.824891,85.836686,32.363900,-1.325628,0.595651,80.981837,89.217680,71.363236
313,-0.588567,79.008158,71.907708,62.668074,1.570113,0.791603,63.941409,31.112702,-1.716007,0.386696,73.729188,72.206285,67.561785
314,1.018330,77.337927,73.983630,59.116020,1.821080,0.819979,87.405283,29.565281,-1.739348,0.399538,81.967593,81.644305,73.106208
315,0.765554,80.420564,78.695749,71.815489,1.270129,0.702161,82.443720,37.820218,-1.046384,0.647022,70.085084,70.420189,59.287934
316,2.151035,72.813927,69.745001,62.183189,1.477285,0.739150,68.155798,33.692449,-1.128361,0.469647,79.680659,78.723033,75.544349
317,1.423756,78.146264,66.105849,67.232757,1.897977,0.761659,81.049853,33.963837,-1.142271,0.435461,74.448366,83.817069,71.222586
318,-0.027286,69.853719,49.632455,32.291862,1.385357,0.711071,81.334882,31.984294,-1.264497,0.513361,69.697924,74.071225,76.708452
319,-0.104910,89.625723,62.604576,65.676449,1.199842,0.637807,50.017500,35.628802,-1.075853,0.656518,74.488515,76.106951,67.263240
320,-1.215151,80.017977,64.499354,62.678447,1.693342,0.805248,71.651900,29.706485,-1.649475,0.366455,84.390943,80.465111,70.807393
321,0.024076,79.156785,78.601968,63.627276,1.528594,0.759108,82.214651,34.160721,-1.307604,0.628143,71.050847,66.488621,67.420574
322,0.504229,85.361493,74.294213,57.199266,1.549439,0.794762,71.614980,31.007340,-1.481258,0.445857,79.696779,77.668796,88.299179
323,-0.125540,85.059605,79.281603,89.851405,1.807461,0.792194,84.217202,29.019811,-2.141611,0.248622,92.875640,88.195198,76.606152
324,-1.644360,91.032275,72.251375,46.291666,1.272075,0.704899,68.881977,33.840431,-1.278363,0.550173,76.592693,71.712346,60.771656
325,0.443967,88.572342,69.286011,69.275124,1.434469,0.707949,65.899988,30.933957,-1.930342,0.389147,77.448930,80.051283,73.696129
326,0.734031,78.069077,91.454364,80.454660,1.699071,0.811394,77.063988,33.412243,-1.581794,0.539357,78.746531,82.058116,77.054026
327,-0.633234,92.076917,82.744728,70.388302,1.709554,0.776548,75.096628,31.363976,-1.650315,0.324137,81.451741,78.040130,65.364310
328,0.693772,96.720490,83.193291,56.005478,2.239860,0.960000,98.000000,28.002742,-1.600723,0.377213,99.885058,83.793990,100.000000
329,-0.334866,75.707670,63.876634,45.320712,1.584985,0.709883,65.927507,33.523134,-1.402239,0.506129,75.709964,72.245648,64.345789
330,-0.090769,81.377642,76.878583,50.279237,1.647851,0.851942,73.471137,30.754810,-1.324696,0.556409,80.437374,75.873016,72.102719
331,0.080995,84.023354,81.901313,66.343531,1.920280,0.830009,80.880736,31.735073,-1.580041,0.215958,93.087221,100.000000,84.586730
332,1.728803,86.095377,81.913735,66.932078,1.466433,0.812373,85.444453,33.266367,-1.391445,0.490894,73.283959,80.391066,74.025743
333,-2.293635,75.535113,81.799826,67.299274,1.988305,0.833185,93.864568,30.215716,-1.693824,0.306465,87.403256,78.459833,81.992647
334,0.125686,78.613502,60.642526,78.553711,1.655895,0.781584,81.150556,29.271983,-1.723137,0.321786,83.438387,72.606657,67.003427
335,-1.022571,87.209231,78.177856,64.775144,1.709954,0.794432,75.321096,31.133808,-1.458574,0.345742,81.508802,80.140348,82.125672
336,0.252878,80.865098,58.766669,57.902127,1.719585,0.735139,81.884183,33.254217,-1.278099,0.444034,69.211722,73.351806,65.042282
337,0.551344,84.479476,76.042096,71.247489,1.555588,0.709759,82.340169,31.505861,-1.451885,0.397940,80.814679,68.461911,70.339867
338,-0.074516,69.052763,63.188840,56.316780,1.632990,0.703419,54.384051,32.887210,-1.361539,0.530251,78.902593,77.789827,82.456460
339,0.475005,93.749739,81.631008,66.837647,1.985324,0.898163,79.960267,29.395734,-1.557578,0.269575,88.925408,78.840578,85.441299
340,0.332302,87.701225,71.502049,62.989143,1.638749,0.813846,73.738386,30.018180,-2.063051,0.460077,77.288570,80.203745,69.184892
