farm_id,municipality,rainfall_zone,soil_om,aggregate_stability,infiltration,management_planning,input_timing,records_quality,ndvi,lai,spad,grain_yield,profitability,yield_stability
1,M01,dry,3.513261,64.612946,28.834703,51.033829,57.396061,54.136935,0.771245,3.995929,48.312438,5351.694430,4043.662565,78.804604
2,M01,dry,3.426770,80.814154,31.560450,76.597678,69.869100,70.254996,0.630320,2.240798,37.917490,5875.561168,3785.403849,86.373247
3,M01,dry,3.335009,95.000000,36.877817,77.236705,82.941200,81.172603,0.750621,4.441466,46.672234,6272.040973,3266.940738,86.508062
4,M01,dry,2.728156,51.770633,30.102555,67.119092,76.984297,77.529594,0.820854,3.720514,42.222261,6667.619933,4680.979244,92.613890
5,M01,dry,0.973330,45.574568,14.187853,60.686611,44.706249,33.077438,0.526642,1.686884,27.931167,3873.318986,2336.605868,62.389960
6,M01,dry,3.544245,60.887806,28.371404,62.748252,76.101269,54.225184,0.833244,4.741387,53.780173,6778.602036,4260.265543,100.000000
7,M01,dry,2.054857,50.122026,13.434663,69.644964,67.101508,90.296663,0.585549,3.139499,40.335929,4887.230965,3346.123882,75.563174
8,M01,dry,3.018076,62.820660,30.280806,66.101185,75.325250,60.394466,0.719895,3.578642,44.848956,6614.132434,3233.825797,78.408162
9,M01,dry,2.860152,70.249052,43.303864,72.887947,78.868479,81.123724,0.789408,4.079112,48.353697,5600.896018,3346.201252,88.876367
10,M01,dry,3.241870,56.781039,21.920741,95.346526,79.162573,58.785182,0.686112,3.319132,38.524965,5679.897747,3626.972132,79.049075
11,M01,dry,1.940508,45.784471,20.627666,78.621860,70.880774,59.245712,0.774063,3.300495,42.141980,5859.071296,4523.463751,85.341755
12,M01,dry,3.239918,87.773808,30.443315,66.539139,95.552358,80.178025,0.832907,5.390029,57.657087,6917.891529,3825.922588,85.785917
13,M01,dry,2.695809,43.295484,28.968726,44.775841,63.260047,61.290599,0.585287,2.521777,37.077441,5206.419545,3004.443186,75.719818
14,M01,dry,2.492721,67.533926,28.362689,70.079464,75.792422,61.773797,0.643117,3.269613,44.837722,5282.118488,2223.674821,77.324457
15,M01,dry,3.839417,68.630872,36.813388,78.259215,68.980723,63.541155,0.895235,4.582628,52.010746,6708.353022,4366.174005,98.094937
16,M01,dry,3.695311,71.796113,26.454259,72.204051,85.774919,62.710377,0.859859,3.707938,46.957146,5372.394254,3520.851421,84.141301
17,M01,dry,2.629075,61.494691,29.712599,73.091950,72.635022,61.246586,0.644163,2.945033,42.941101,4562.116002,1259.053255,66.719468
18,M01,dry,1.537452,51.448314,15.201979,52.722827,51.845419,33.271602,0.584768,2.737752,32.455979,4262.546978,1809.176919,61.598283
19,M01,dry,2.264430,60.031775,33.817016,68.289915,57.494674,63.088027,0.738189,3.009082,45.658175,4446.087708,2742.051707,62.783644
20,M01,dry,2.239231,38.685583,7.183205,57.800029,59.469754,38.785870,0.626052,2.367936,37.487339,4075.558171,2763.817767,67.123829
21,M01,dry,3.749251,61.000231,30.374941,64.256549,77.755746,58.483989,0.636704,3.264477,36.910233,6548.480594,3703.069125,93.829498
22,M01,dry,2.064594,56.058514,35.857730,56.688917,49.034657,56.936574,0.647046,2.887316,35.598009,4691.269324,2225.238959,59.584237
23,M01,dry,1.979105,49.646261,22.502265,73.040960,63.126694,48.311392,0.636222,3.607554,38.255357,6311.860801,3563.880799,85.724812
24,M01,dry,3.234398,69.168246,35.088141,68.229769,74.306221,78.380257,0.692863,4.026192,44.243803,5013.045962,3898.151133,74.602080
25,M01,dry,4.024271,68.295721,37.250572,62.037013,63.263648,68.179142,0.889013,3.956085,47.926317,6097.501387,4250.800761,91.539290
26,M01,dry,2.722580,58.341336,23.008660,86.202814,83.124541,87.974620,0.830488,4.064313,48.149589,7317.784156,4758.154748,98.941568
27,M01,dry,2.844162,45.142107,20.469612,75.332973,78.569022,56.541991,0.704959,4.157094,43.346667,5594.398998,3181.058742,81.678871
28,M01,dry,3.510922,67.093570,33.199083,71.631096,64.658356,61.119312,0.807509,4.640783,45.011457,5976.998102,3356.578245,84.498619
29,M01,dry,2.377977,64.571241,28.888567,71.899626,74.942538,64.032242,0.804651,4.706252,47.133086,6002.720374,3415.064389,81.178579
30,M01,dry,3.187092,65.686479,30.309872,71.698310,71.010085,67.622580,0.706151,4.602765,41.426193,6632.781216,3012.467484,100.000000
31,M02,dry,2.469851,64.609856,26.482172,46.620460,77.009933,56.737734,0.654653,3.025900,39.022812,5724.731532,2774.200499,78.136538
32,M02,dry,3.506757,65.785487,40.340681,72.888781,64.267945,94.657631,0.786963,3.653384,40.202275,6702.157533,3733.354688,82.701342
33,M02,dry,3.031344,70.711207,36.247736,84.623089,79.023243,65.007620,0.770023,4.072042,47.177342,6499.288979,4441.832220,82.806244
34,M02,dry,2.667113,69.906100,25.996297,90.848168,83.443799,72.529674,0.906393,4.179139,53.044399,6351.767085,3450.150061,91.969546
35,M02,dry,3.318137,62.533318,38.982468,64.483554,67.788077,71.385913,0.695822,3.922023,45.727826,5843.458730,2769.185299,83.976648
36,M02,dry,2.849765,52.461458,25.641179,60.070243,67.376548,52.729705,0.801377,3.781322,41.957204,6250.854482,3759.200958,83.862982
37,M02,dry,1.540997,51.871815,22.462558,70.744372,78.969521,49.120791,0.580789,2.836385,38.655441,3301.008875,1626.241458,71.455503
38,M02,dry,3.239085,66.878600,36.643328,85.572724,68.253709,58.085833,0.771001,3.885521,50.859775,6939.612110,4074.752597,79.617496
39,M02,dry,3.431624,70.128562,30.274035,78.200331,69.706915,65.994095,0.727758,3.429930,47.545918,5696.228466,2936.552193,75.943931
40,M02,dry,3.370148,54.980709,34.363153,97.532263,92.584500,78.582074,0.721262,3.691046,45.240156,6478.501570,3289.872022,98.292197
41,M02,dry,2.920766,66.018975,19.334472,71.881793,74.212921,66.287566,0.808233,5.758235,55.288861,7041.101574,4611.280230,92.329061
42,M02,dry,3.737908,63.173389,31.612004,76.580150,94.610708,67.514062,0.701534,3.313878,46.241366,6521.897249,4580.175053,86.597614
43,M02,dry,1.296049,56.772327,23.075611,59.918844,60.251600,52.541593,0.719865,2.481494,39.156994,4269.365480,2413.322862,82.273641
44,M02,dry,1.974795,65.193908,23.544282,71.624511,81.542659,74.862367,0.713255,2.386296,43.884072,6101.143258,3119.054831,69.243166
45,M02,dry,2.219640,60.813934,26.802244,72.970548,72.960494,79.557834,0.751754,3.406405,39.670035,5265.230062,2560.571151,85.845033
46,M02,dry,2.936553,69.856429,29.093948,74.025915,84.014642,69.850063,0.591716,2.468202,35.022017,5467.008420,3128.566160,81.804220
47,M02,dry,3.288911,61.098156,37.626112,87.037955,96.263491,84.374941,0.765915,4.996833,56.818455,5903.136433,4912.686153,87.522813
48,M02,dry,2.937142,82.610697,32.425377,87.537855,85.496388,100.000000,0.940000,4.945962,58.421241,8474.251499,5149.967424,100.000000
49,M02,dry,3.278225,66.201960,23.343867,70.735406,70.126029,67.910808,0.665270,2.853247,41.074869,7233.251909,3683.520169,91.374732
50,M02,dry,3.642829,65.894517,25.468622,78.405803,93.789686,85.658481,0.940000,6.027474,51.386659,7341.913606,5592.060129,100.000000
51,M02,dry,3.045992,87.618537,25.972623,73.464204,68.473757,56.643636,0.733484,4.168958,47.853361,6645.048993,4417.854861,85.530679
52,M02,dry,3.017468,51.567144,32.512515,63.361801,67.844885,57.158274,0.765261,3.061829,47.532763,4750.113152,3471.246424,78.838163
53,M02,dry,2.109929,63.799300,34.516045,86.122715,89.415735,100.000000,0.842705,4.573782,55.637568,8307.455070,4668.448024,100.000000
54,M02,dry,3.065328,68.389159,39.324300,81.143733,85.938649,73.714260,0.845131,4.206240,50.988884,6458.624757,3581.289192,79.904395
55,M02,dry,3.249246,81.697938,45.725126,80.566761,99.691082,76.362216,0.852981,3.836919,49.846062,6582.152261,4258.431687,89.578188
56,M02,dry,3.381347,80.116936,42.890641,59.857127,82.245181,72.754103,0.790983,3.751142,51.326591,6542.278375,4158.550743,97.551329
57,M02,dry,1.927130,52.094393,25.526943,68.765913,56.262101,60.163767,0.785132,3.080627,48.716380,6849.007636,3561.681632,81.738086
58,M02,dry,3.159390,71.810409,31.943660,74.308369,68.948533,68.191027,0.812935,4.129983,42.054378,5302.888151,2972.636556,73.168623
59,M02,dry,1.589103,59.220284,29.333967,63.588311,62.339701,70.493317,0.587657,2.709136,34.362089,4538.657379,3312.497692,77.438252
60,M02,dry,4.486038,76.564575,37.766355,92.749937,100.000000,90.396789,0.931742,5.722005,60.192279,8141.218021,6500.000000,100.000000
61,M03,dry,2.261938,47.476978,26.909413,65.377012,59.886224,46.410670,0.682992,2.834385,38.948130,6537.438830,3402.083439,88.127377
62,M03,dry,3.253272,61.140180,29.469606,66.302078,64.771750,54.602165,0.781389,3.830492,34.097678,6227.998238,3200.236358,79.443194
63,M03,dry,3.357829,71.875948,33.182244,80.079812,70.516557,80.581952,0.656582,2.900309,42.144077,7310.193647,4081.907046,94.495381
64,M03,dry,3.605290,78.323217,35.016392,89.407611,93.152002,81.892667,0.768230,4.260083,43.522549,7107.708437,4048.899094,84.983826
65,M03,dry,2.257064,61.244925,19.469390,59.447251,76.919246,58.901305,0.707357,2.913520,43.586319,5753.304195,4265.015594,94.689738
66,M03,dry,3.299859,77.317425,30.316704,73.719971,89.228339,86.133636,0.720636,4.182615,47.090815,5148.785287,2817.898472,74.596203
67,M03,dry,3.264797,66.071391,36.100750,53.279656,63.769735,49.979915,0.788094,3.567466,46.859567,6868.552335,5036.078859,93.925428
68,M03,dry,1.882483,47.716897,26.552949,70.683191,72.527873,74.077576,0.535354,1.446609,31.385805,4635.188296,2612.934271,65.827251
69,M03,dry,2.317633,62.111730,36.520645,53.432313,65.820933,45.764399,0.706241,2.751981,44.217241,4975.491429,3117.816163,71.514340
70,M03,dry,2.172299,50.144734,22.242715,59.072871,60.373584,60.321075,0.698129,3.218692,42.576978,5553.204046,3297.154383,83.219449
71,M03,dry,3.331040,57.957766,29.083847,80.403234,71.337592,78.991268,0.843518,4.140624,49.488051,5734.531360,3217.627218,86.513288
72,M03,dry,3.315350,83.053265,41.559803,93.668964,71.537187,84.055676,0.714773,4.096418,57.375068,6772.016356,4833.045205,90.892326
73,M03,dry,2.249124,55.744078,23.013975,86.328416,73.044670,74.090865,0.637697,2.291003,38.247910,4560.664597,2016.407097,74.159324
74,M03,dry,3.502686,76.482574,36.732133,71.097020,69.247971,71.180687,0.872312,4.506855,46.176433,5997.583197,3406.021523,79.609382
75,M03,dry,1.907787,60.488623,18.372439,47.260857,50.860854,25.921575,0.679886,2.527424,37.060844,3909.125932,2104.358112,68.409135
76,M03,dry,3.246375,62.161802,29.048915,72.303552,80.662642,68.805830,0.725385,2.581008,50.747310,4732.340798,3010.163862,63.058261
77,M03,dry,1.768887,50.586540,25.235824,59.176933,62.695173,54.361879,0.703418,3.294949,44.317457,4979.863169,3068.648632,89.553093
78,M03,dry,2.740644,78.748111,35.367483,72.060205,69.336656,64.281158,0.622152,2.381088,37.195014,5516.699892,2936.255115,71.160398
79,M03,dry,3.341590,67.354677,30.332374,86.470727,67.670033,57.085516,0.693466,3.153482,38.031114,6538.753826,4146.176465,97.086425
80,M03,dry,2.171353,56.927266,14.660120,61.718456,63.104899,70.481521,0.761497,2.883244,41.548429,6483.147307,3304.385746,100.000000
81,M03,dry,1.792990,59.585975,17.993186,73.141353,71.399265,57.696578,0.654506,2.762052,44.832378,4888.004882,2561.735072,72.716756
82,M03,dry,1.776513,52.552125,18.800237,81.251865,74.226115,65.219893,0.592443,3.743491,46.982083,5685.555301,2704.059563,74.153406
83,M03,dry,2.080802,60.008419,29.295884,75.118831,74.520952,64.289242,0.691881,2.461205,44.945546,6800.200896,3792.743267,72.151983
84,M03,dry,1.122062,49.645673,18.842145,69.371077,72.551287,67.270667,0.541684,3.374416,34.787446,4497.519929,2041.761832,81.925780
85,M03,dry,3.149181,63.874658,25.113570,73.845083,79.297408,96.969548,0.724434,3.901309,48.500864,6322.634067,2485.066800,83.387471
86,M03,dry,2.540956,60.797206,31.248176,75.215269,70.227776,54.762595,0.615412,3.160397,33.310243,5117.546482,3407.741121,80.940554
87,M03,dry,2.470533,55.068085,27.524796,54.347637,44.584514,50.574401,0.648122,3.755373,42.930968,6380.161812,3395.832481,77.050460
88,M03,dry,3.282291,80.099613,31.099135,81.506854,73.189237,68.073909,0.746963,3.721185,47.648207,5375.550768,3703.216971,81.671466
89,M03,dry,2.087951,63.923165,27.167460,63.448015,64.583562,51.256212,0.716127,3.232147,45.908623,6351.296912,3342.869552,83.626461
90,M03,dry,3.756586,55.429005,40.869985,53.312578,64.310711,71.914839,0.686540,3.566219,47.914184,4760.702545,3368.136287,78.915785
91,M04,dry,2.633027,62.395702,24.317514,77.428834,73.512966,71.263198,0.665026,4.284039,39.053455,5840.689091,3416.884707,77.124782
92,M04,dry,3.197468,63.302835,24.784711,60.967192,64.705243,68.808264,0.631669,3.115900,39.606174,4236.650760,3128.419614,72.727049
93,M04,dry,2.017057,55.754866,27.909202,82.322018,77.694037,74.701756,0.702723,3.442056,43.836119,4163.738170,3295.964966,77.134262
94,M04,dry,3.471871,80.151969,35.326353,73.397651,83.036695,75.045353,0.755227,3.886469,46.022195,6872.306098,3873.920175,74.756601
95,M04,dry,2.230635,50.949890,9.911395,92.070846,88.289602,77.461401,0.757838,2.791861,38.020841,5048.036881,2659.396835,81.923255
96,M04,dry,3.049458,59.010799,26.793694,54.263038,69.324587,58.215638,0.620323,3.363801,36.602032,5513.457737,2932.091378,77.121430
97,M04,dry,3.001682,68.186375,25.533917,77.213986,77.892775,72.194745,0.857422,4.056995,43.053482,6748.940352,3168.641472,84.254463
98,M04,dry,3.083943,73.327223,39.335700,67.575392,89.012341,70.575287,0.828332,4.380809,49.814559,6228.439580,4021.033864,85.553837
99,M04,dry,2.380953,73.654404,38.418842,91.599267,89.356624,94.580041,0.761838,4.533953,45.864707,4939.568080,4367.666471,80.114774
100,M04,dry,3.734967,72.908639,41.993370,88.518953,100.000000,72.142646,0.631944,1.573352,40.845006,5272.506249,3138.359530,83.304004
101,M04,dry,2.121968,49.854672,18.044855,57.609817,85.250009,61.378278,0.645255,2.786427,36.226170,4487.770242,2121.528064,64.459568
102,M04,dry,2.895011,61.719621,34.374932,80.979270,79.149258,100.000000,0.742103,3.632308,33.733681,5649.594999,2773.187170,77.588025
103,M04,dry,2.822566,67.679734,35.863963,80.642197,74.824817,41.057938,0.764055,3.971977,48.917198,5686.224554,4110.884927,86.122805
104,M04,dry,2.905969,68.682977,20.501517,43.468351,42.462625,32.911051,0.556713,2.866560,38.202822,4531.703328,2517.111406,66.929333
105,M04,dry,1.567413,47.293804,28.843329,77.038540,70.934637,57.000978,0.611930,2.129486,29.369615,3066.856463,2075.650742,61.718778
106,M04,dry,3.351960,60.606116,33.230834,61.346888,66.397932,73.878077,0.559262,1.995137,35.229070,3817.123093,2385.164240,68.791120
107,M04,dry,1.894731,41.864133,23.899849,46.140276,48.616404,51.163616,0.583220,3.419547,37.913493,5476.774737,2663.555311,76.314887
108,M04,dry,3.147110,62.039611,26.879516,88.223724,74.988080,62.507637,0.676626,4.185308,42.298816,5431.828719,2259.971954,81.344966
109,M04,dry,2.669709,60.445928,26.141078,63.388846,74.763100,84.281020,0.556788,2.748847,31.249509,4710.959441,2943.144200,78.222848
110,M04,dry,2.347563,55.750376,23.100563,64.562057,59.322230,52.028126,0.709406,2.884785,45.129706,5626.628446,3463.154831,71.390747
111,M04,dry,1.676977,42.141370,27.487203,78.088737,84.735941,70.527283,0.709015,4.110032,42.076857,6373.085049,3231.911393,77.459955
112,M04,dry,2.626061,59.533958,31.651906,69.736582,70.773175,50.886075,0.684375,2.827985,34.179787,5323.249735,3042.669615,79.272310
113,M04,dry,3.367135,79.189037,38.950687,69.465061,76.550635,84.290990,0.604166,2.893339,40.376270,5227.329786,2735.847407,77.008504
114,M04,dry,2.003419,65.150756,29.851329,51.579844,65.056205,38.882568,0.494463,1.961214,22.822943,4592.153894,2834.949184,65.968255
115,M04,dry,2.837373,64.387219,29.629307,56.038786,68.147423,50.775604,0.648327,3.132954,33.949275,4002.808237,1696.080048,79.404161
116,M04,dry,2.142497,37.980363,6.000000,48.168599,70.392149,63.804811,0.566418,2.658582,35.881022,3823.727144,1604.470881,63.877568
117,M04,dry,2.853949,82.947038,36.193515,83.249111,80.661662,84.536751,0.808036,3.464317,50.797979,6278.589445,3891.823439,78.118386
118,M04,dry,2.753166,60.765705,25.229130,79.893365,72.813528,78.001753,0.704956,3.091313,47.746876,5110.011908,3089.128328,80.389740
119,M04,dry,2.152415,53.384126,28.900167,56.022806,64.332371,66.882088,0.673975,2.929102,33.259192,3836.654025,2092.901239,55.676021
120,M04,dry,1.831680,43.105439,19.643581,71.631060,68.911819,61.910096,0.740231,2.985358,34.882233,4136.898493,3033.435581,69.772649
121,M05,humid,1.585049,54.486061,12.978196,65.231422,78.840679,93.623705,0.679898,2.783011,34.223533,4570.927925,3292.139331,71.861342
122,M05,humid,2.439488,49.831120,26.131726,56.149143,67.280754,48.571515,0.741142,4.502502,42.045567,6168.920472,3924.294267,82.288268
123,M05,humid,2.840952,57.369388,30.248518,69.838978,79.754377,87.562500,0.646694,3.364562,39.569798,5759.122356,3082.478873,81.430053
124,M05,humid,2.321089,64.063554,24.773346,61.480252,66.445743,53.648759,0.665095,3.562693,42.037009,5637.047612,3373.448627,82.239096
125,M05,humid,2.775013,69.119948,31.518633,64.272445,71.137661,59.569287,0.821721,3.693972,46.360759,6040.388222,3883.692180,90.607701
126,M05,humid,2.045921,47.234948,21.102686,52.211878,48.196118,43.914241,0.659834,2.954158,38.282323,4947.555521,3181.688491,76.961807
127,M05,humid,2.654397,60.121240,32.929374,59.114394,62.218459,61.111078,0.704311,2.877378,36.761566,5466.829102,2964.973250,82.188916
128,M05,humid,2.295879,68.533449,31.942828,53.362453,61.812162,43.876153,0.627719,2.288338,34.292110,4567.286289,2029.732181,68.483059
129,M05,humid,2.760718,66.202582,33.176090,61.187750,65.240031,54.939745,0.671873,2.695763,35.658793,5783.756121,3077.872002,80.787376
130,M05,humid,2.066042,50.565752,22.973251,50.987210,75.915768,57.734110,0.675930,3.166838,43.107921,5209.941637,2615.758911,79.305642
131,M05,humid,2.487578,55.290859,23.042682,48.850028,57.078527,71.894943,0.527783,2.132099,39.519966,2917.560887,2015.204220,53.589802
132,M05,humid,2.219879,55.890827,30.016352,83.420851,72.317122,80.084677,0.660242,2.315448,47.270198,5269.072618,3034.271524,77.099494
133,M05,humid,4.283129,84.056547,52.010759,95.832364,96.181218,100.000000,0.857054,2.895815,43.345761,6312.559919,3276.226826,83.917965
134,M05,humid,3.107309,65.689677,34.647639,81.781241,87.128738,72.184292,0.891250,3.965551,54.312943,6700.352480,3620.425652,82.332443
135,M05,humid,3.183451,56.954638,40.042662,72.185043,70.713413,78.823454,0.730255,3.115350,47.686854,5053.036035,2857.078364,71.995667
136,M05,humid,3.003207,58.471240,37.720098,63.559288,68.679892,57.293228,0.671606,3.404313,44.475363,4807.237129,3425.188292,74.292627
137,M05,humid,3.335078,65.399402,30.314356,90.377384,77.724755,69.278523,0.712117,3.935766,45.620536,6504.924207,3281.375880,79.683219
138,M05,humid,1.873188,44.003581,13.203941,66.436426,65.301073,53.111182,0.606136,3.239734,41.916611,5012.230981,2884.698407,62.604105
139,M05,humid,2.858339,49.334608,17.420096,53.268936,49.069336,47.346475,0.550053,2.058370,31.071043,4498.672956,1189.726837,67.204791
140,M05,humid,2.756225,60.967701,30.967955,47.870193,41.926014,25.943005,0.460165,1.177833,28.513917,2941.214520,1785.204840,59.164517
141,M05,humid,1.835740,50.563840,22.111678,66.426828,51.759381,58.770610,0.632123,2.569042,37.318504,3245.031187,2291.676175,63.206061
142,M05,humid,3.667593,61.694921,30.696336,77.598067,70.543386,67.033580,0.736730,4.157720,46.682166,6139.409640,3352.893280,88.008500
143,M05,humid,2.306028,58.963915,31.367081,66.516666,72.809967,54.041179,0.584535,2.535632,40.138873,5355.783979,3656.097118,82.011532
144,M05,humid,2.588814,70.805816,28.559146,56.414004,92.312172,73.644800,0.820120,3.782549,46.878436,6678.816647,3309.494077,72.900177
145,M05,humid,2.830268,56.216633,34.431693,72.494942,75.620763,73.699439,0.766081,4.017782,46.339544,5765.624561,3790.106811,81.225102
146,M05,humid,2.600711,67.185402,32.858430,45.438886,53.392066,52.373804,0.712486,2.651760,41.212441,6285.207742,4218.217790,88.553687
147,M05,humid,1.648380,55.310186,24.162594,63.511952,70.474633,70.380764,0.768869,2.872402,43.957821,4732.866568,3503.732137,72.639826
148,M05,humid,3.079753,72.274288,38.851361,69.801425,55.694601,58.573414,0.643037,3.903971,45.565065,6203.736193,3282.387917,81.803767
149,M05,humid,1.467525,44.902162,22.736750,64.341071,64.877494,60.950975,0.597553,3.641004,41.670016,4651.507739,3479.429973,72.152753
150,M05,humid,4.071798,95.000000,51.375730,91.884872,78.546937,61.774302,0.840571,4.077671,53.008011,7847.875203,4505.252088,99.072888
151,M06,dry,1.720587,53.734065,22.699876,68.399484,58.640974,68.593814,0.624509,2.768783,40.361117,5057.664427,2790.887416,72.222161
152,M06,dry,3.066215,63.361341,30.064676,96.599987,100.000000,90.713127,0.725388,3.093075,44.451811,6712.972581,3720.139917,81.730718
153,M06,dry,2.436959,40.031710,19.173183,59.848291,62.729407,44.932744,0.646601,2.526844,36.079646,3597.244936,2038.540654,71.171852
154,M06,dry,2.542674,52.743048,17.160190,54.755607,61.207352,41.527492,0.581444,2.528300,40.422679,5353.499755,2713.678091,77.434937
155,M06,dry,3.191275,60.481782,35.733440,56.588850,71.871594,71.470156,0.667118,3.403188,35.743836,5741.568712,3743.411729,84.566752
156,M06,dry,1.715205,40.356670,18.485784,58.450841,69.250410,48.196870,0.669462,2.865017,35.560798,3773.594593,2258.669912,60.319343
157,M06,dry,1.839324,48.858297,16.171955,80.578886,79.974285,89.165002,0.780913,3.708215,46.920462,7937.475932,4977.448254,87.305966
158,M06,dry,2.822125,78.703937,29.265975,63.304291,70.128953,66.792365,0.718335,3.692272,44.007269,6014.258512,3950.127767,82.633921
159,M06,dry,1.978712,46.704594,31.372333,81.276848,83.299769,76.743377,0.752527,3.647197,47.806157,5842.281694,3986.523025,91.239008
160,M06,dry,1.730075,44.290826,29.223411,60.754090,60.969600,56.846249,0.760219,3.507771,40.040724,4482.143860,3106.834116,62.517140
161,M06,dry,3.406821,67.430948,31.821600,67.352052,71.591403,73.358396,0.683715,3.310940,33.621176,4450.405993,2685.195179,81.249286
162,M06,dry,3.468431,68.696531,46.784312,61.479501,59.935632,58.703437,0.679571,3.524821,39.267676,5893.954009,3905.983567,86.896729
163,M06,dry,3.197044,90.293032,48.590879,91.977251,61.110654,79.253162,0.869343,4.212669,47.120309,7746.731025,4124.063152,86.611515
164,M06,dry,1.748704,44.759161,26.773234,72.329969,74.018975,63.992391,0.712772,3.690045,40.594157,5040.524130,2780.199383,69.084202
165,M06,dry,1.955400,49.062254,15.515383,43.824895,54.874666,47.325317,0.498400,2.142322,25.794099,3704.599328,2426.490177,58.768686
166,M06,dry,2.591650,78.157778,30.862963,48.928118,54.372909,24.785869,0.610683,3.067406,36.724061,5144.282614,2781.686262,69.850569
167,M06,dry,2.378767,42.282974,20.694534,50.168263,60.703071,42.430826,0.714708,3.415597,47.794615,4182.244384,2593.793966,60.421762
168,M06,dry,3.319524,72.019755,33.573593,68.232303,66.568073,76.123047,0.728147,3.599038,49.596391,5379.217031,2818.222001,63.580745
169,M06,dry,1.522134,59.521641,25.346284,72.157239,77.347884,84.103244,0.763247,3.004470,43.754784,5652.092586,3738.251437,79.127660
170,M06,dry,3.148852,67.132095,28.672829,64.755703,76.205048,81.066628,0.737897,2.504243,41.137088,5264.480057,2793.606344,65.013381
171,M06,dry,2.413533,55.290113,32.602509,67.118593,67.155650,41.616148,0.707611,3.389720,39.321660,6165.681874,4075.345818,77.883272
172,M06,dry,1.735641,35.417920,17.017088,70.457940,67.001206,69.972764,0.658539,2.738915,36.732987,5242.872048,3669.491541,79.411352
173,M06,dry,2.110535,49.977663,22.638256,69.119923,58.194148,82.281396,0.653271,3.267437,38.714839,4586.701104,2737.579924,67.800756
174,M06,dry,3.060079,50.699947,31.482612,72.293324,72.551138,55.226007,0.644088,4.070587,48.946136,5476.881837,3151.250374,86.600288
175,M06,dry,3.258968,72.190166,28.685753,33.185933,52.553187,40.393091,0.682307,3.330895,42.705740,4426.019116,3302.704650,68.125155
176,M06,dry,1.039125,49.611676,14.243642,46.555060,43.038321,46.581110,0.646218,1.786779,31.172087,3235.119072,1146.916726,60.558656
177,M06,dry,3.298468,58.078977,31.398620,71.901776,80.658446,78.261200,0.806013,4.475872,53.186185,7487.113886,4105.173228,93.080220
178,M06,dry,2.276382,69.637602,19.004415,57.695034,77.271167,58.502074,0.723990,3.971816,40.518726,4682.791623,3156.433827,68.604071
179,M06,dry,1.584092,74.394876,20.486552,79.201793,78.689707,83.495140,0.612237,2.597837,31.507298,3985.830861,2748.959270,67.571547
180,M06,dry,1.333931,43.357215,10.740098,88.081850,84.660671,82.591955,0.686007,2.089086,36.284202,4661.841723,2129.670130,71.320164
181,M07,dry,2.944781,64.571317,20.175494,53.875196,68.562418,49.347788,0.719365,3.358865,41.845845,4419.306876,1515.241631,73.196559
182,M07,dry,2.929426,58.786981,21.235359,84.816281,65.551616,85.534164,0.603159,3.558341,49.906457,6113.817494,4170.356240,74.966324
183,M07,dry,1.770654,50.330064,25.267553,66.456213,78.257033,70.875376,0.726778,3.309755,40.888482,4797.362745,2437.134394,79.035026
184,M07,dry,3.412520,79.044798,28.208373,65.701959,59.399135,58.782424,0.631276,3.246640,38.023643,5240.729915,2350.959647,63.697656
185,M07,dry,3.609628,60.436274,26.571515,92.568680,83.543591,78.813673,0.903974,5.246088,48.582713,6146.435933,3923.963545,84.571957
186,M07,dry,3.290354,61.571100,22.805738,72.384307,66.689596,73.453222,0.792362,4.090424,49.666836,5380.516849,2909.773509,72.854608
187,M07,dry,1.870028,59.895948,17.712594,83.266679,79.157699,77.162433,0.667386,2.546370,39.246472,5042.186029,2841.933429,71.958035
188,M07,dry,2.899018,45.933243,32.225461,54.129466,73.972113,54.809120,0.694842,3.438660,43.580903,4883.045107,3516.155585,85.223302
189,M07,dry,3.218159,60.250730,40.068196,71.395241,49.535899,70.952829,0.672370,3.217283,43.770608,5104.891029,3932.824166,68.262789
190,M07,dry,1.522349,39.298850,16.959633,62.843073,63.221462,54.238826,0.713284,2.651298,42.498314,5122.319278,2743.822066,69.650779
191,M07,dry,2.708483,59.870919,31.656863,60.526040,63.435075,66.113195,0.697146,2.335265,44.873382,5518.140739,3487.135181,64.393785
192,M07,dry,1.921297,52.013870,29.257234,47.129262,65.569465,66.306949,0.641279,2.400897,43.764101,4288.815301,2269.196390,74.747113
193,M07,dry,1.420228,46.051569,6.000000,62.087934,65.728529,50.843184,0.623178,2.777680,33.378841,3882.754659,2482.321251,75.578359
194,M07,dry,2.928562,72.078325,32.004140,79.325501,76.333003,78.735710,0.655724,3.578009,41.264410,4645.511512,2027.334355,72.927199
195,M07,dry,3.508821,69.346405,29.557384,71.185748,73.267938,66.470806,0.674535,2.896999,45.633708,6160.950429,3974.728852,84.438653
196,M07,dry,3.106916,71.351448,32.382973,80.790771,80.866308,62.226420,0.727499,3.599969,42.104385,5767.271352,3938.112498,85.967337
197,M07,dry,2.140674,63.088641,35.927169,48.337615,62.949481,54.483466,0.790841,3.692930,42.578290,5645.262687,3125.497992,84.658752
198,M07,dry,1.665838,64.507858,24.907224,47.314152,57.072940,66.192233,0.654664,3.189385,43.783307,5454.862831,2612.191496,70.358968
199,M07,dry,1.209183,49.742185,12.721527,61.040426,46.239934,52.013920,0.598188,2.530354,37.163444,4120.798414,2862.210166,71.472378
200,M07,dry,2.104992,53.552426,23.453339,81.873390,79.338159,65.391382,0.803873,4.433350,44.357882,6553.706868,3789.148728,75.717999
201,M07,dry,3.565158,64.708582,33.220514,67.401490,72.893584,61.236780,0.677683,3.379400,43.227664,6513.570144,2428.573765,80.810439
202,M07,dry,2.199843,42.520516,20.821651,54.480251,62.853401,51.450665,0.696573,4.169019,39.405455,4691.953747,2958.849286,77.594160
203,M07,dry,1.636075,52.897478,27.636640,60.751808,71.203595,69.296456,0.722663,2.878206,43.759012,5352.245659,2943.641327,74.165622
204,M07,dry,3.812559,58.943653,27.882244,62.791794,52.635383,59.888355,0.731308,3.933128,50.979241,5316.466485,3144.132088,83.818281
205,M07,dry,3.026596,70.850762,32.778249,66.851300,57.931060,57.700827,0.619550,2.606644,40.585668,5389.087996,2763.052788,67.137573
206,M07,dry,3.272594,67.513546,40.373367,75.628750,83.594604,73.035916,0.811539,5.234940,48.831389,5113.013443,3538.553201,84.107169
207,M07,dry,2.995800,68.277225,27.354668,76.434977,76.943471,69.798408,0.743976,2.559916,42.902150,4662.365029,2692.154859,67.689344
208,M07,dry,3.835150,76.043473,38.715705,74.998483,89.975393,81.343272,0.860812,4.142411,51.804284,6689.518527,3543.559408,92.410252
209,M07,dry,1.686323,35.969591,26.335485,52.320076,66.837460,65.723267,0.559091,1.493595,34.383270,5079.278285,2604.258834,63.081943
210,M07,dry,1.315070,45.108813,27.821328,52.864152,53.644831,30.621230,0.623973,2.718427,36.535291,4051.259482,2297.167008,67.876319
211,M08,transition,2.217166,62.362790,32.825558,85.123377,87.606702,64.960074,0.665311,3.645948,43.448786,4991.525849,2840.658097,73.736098
212,M08,transition,3.298436,62.267670,31.482076,72.136910,76.519503,87.332268,0.705949,3.222114,42.018043,6869.009375,4060.514646,86.139655
213,M08,transition,3.146056,72.624867,31.315819,93.776614,85.395777,82.568963,0.668870,4.759674,41.214961,6194.449948,3615.420696,78.235314
214,M08,transition,2.690615,53.861710,28.591794,79.663851,77.692122,53.641377,0.576878,2.231720,35.469925,4526.366551,2594.904353,71.783033
215,M08,transition,2.457269,64.786906,27.351934,69.305521,86.657184,63.776525,0.787647,4.934242,49.427143,5662.010340,3897.123080,84.299078
216,M08,transition,2.479929,65.710943,31.836268,64.545917,65.903829,43.708076,0.719306,3.871647,43.094507,6153.461726,3278.902950,88.975101
217,M08,transition,3.326660,88.415076,47.236269,80.075185,83.230524,76.678003,0.749079,3.832160,44.824112,6310.090167,4199.024382,98.200420
218,M08,transition,1.800066,50.644278,15.150284,70.746155,75.742595,100.000000,0.762504,3.519707,47.326263,5391.248029,3493.093829,95.125462
219,M08,transition,2.235712,59.842122,14.321996,69.920925,77.682305,69.368143,0.830125,4.365473,47.693095,5402.106565,4216.877580,79.018178
220,M08,transition,1.036984,44.964286,12.860798,84.427145,75.535382,70.958025,0.767963,4.561211,47.911916,5394.841670,2628.616954,86.337632
221,M08,transition,4.133639,87.007486,44.799503,85.201288,62.481146,67.599669,0.827451,4.424545,47.616758,7624.073532,4565.231802,87.867426
222,M08,transition,2.531849,56.556347,26.975906,88.490569,70.188276,74.976712,0.826378,3.690478,52.345748,6190.182210,4992.592850,91.580186
223,M08,transition,1.774477,49.656244,15.226788,76.429252,73.101149,72.596343,0.748740,3.511791,45.941225,6712.514557,3866.345967,82.238421
224,M08,transition,2.947387,70.487428,23.202787,88.256935,68.984983,74.026674,0.724899,3.554864,46.605032,5887.195110,4040.805015,82.264239
225,M08,transition,2.392817,66.837998,21.236919,66.523705,62.526121,76.849906,0.639678,3.486996,41.484023,6247.949355,3123.346943,93.574520
226,M08,transition,3.348952,61.067434,28.532449,62.922226,79.751945,65.868387,0.652102,2.698849,38.388826,6205.917656,4280.262591,86.076201
227,M08,transition,3.190350,71.726888,36.482974,65.451522,87.836338,74.539914,0.733012,3.922026,42.992642,6811.295195,4182.879092,93.279476
228,M08,transition,2.972663,80.880768,29.988216,45.993192,70.148826,45.754339,0.774544,3.158047,46.908272,4624.017418,2200.817393,66.218820
229,M08,transition,1.217309,29.231432,13.069275,42.919974,63.055513,52.351545,0.642319,2.866767,36.516661,3686.040883,1823.163687,58.485503
230,M08,transition,2.054221,69.568060,33.056660,80.592203,88.994196,80.605953,0.809397,4.435384,50.205872,7127.297417,5103.937560,94.416897
231,M08,transition,1.744037,43.314364,20.997159,62.766722,69.009128,69.390092,0.606143,1.786534,32.008438,4566.349589,4022.496080,68.515016
232,M08,transition,3.402343,68.902030,38.389881,69.174278,72.746690,78.243145,0.613797,3.183681,38.473840,5487.409687,3628.189423,73.704635
233,M08,transition,3.173010,87.408092,27.922715,69.930658,67.402833,62.453190,0.701956,3.802803,43.075470,4920.084835,3539.327441,84.730687
234,M08,transition,3.158808,85.484143,33.548284,75.854401,79.969026,67.488755,0.761636,5.099745,50.673200,7610.721314,4153.205931,92.069351
235,M08,transition,1.999910,44.200545,28.441519,91.370552,90.481381,100.000000,0.826828,4.162017,50.118470,6608.477280,4095.721949,88.654083
236,M08,transition,2.166845,65.691818,22.543789,76.984444,63.792271,71.780441,0.751112,3.814065,39.147922,4999.121422,4021.315102,75.121186
237,M08,transition,2.669918,55.097128,32.401824,56.780165,55.414728,33.699878,0.723374,3.289473,35.879477,6773.963573,4070.360771,78.222211
238,M08,transition,2.484792,50.422307,29.773639,60.934553,76.213801,47.504061,0.697417,3.339589,53.010518,6097.383504,3021.473975,84.861965
239,M08,transition,2.595266,72.242655,25.187447,85.613035,86.655524,73.485998,0.822370,3.927541,53.197910,6174.231961,3161.273456,88.139818
240,M08,transition,1.528027,60.735603,19.780557,50.985944,53.619419,47.421393,0.569960,2.251159,41.245905,4942.685037,1254.810485,75.385620
241,M09,humid,2.506027,80.500402,24.928985,83.580957,79.497091,41.509823,0.679196,2.783646,43.644247,5917.721543,3534.596749,81.466868
242,M09,humid,2.371750,54.879060,16.333279,78.152528,81.894590,73.548148,0.712412,2.972946,43.603929,6923.629125,3860.492666,97.775635
243,M09,humid,2.235001,52.207746,27.597486,53.991004,54.013683,59.489754,0.709101,3.415154,43.558179,5046.232144,3011.649139,78.451820
244,M09,humid,2.869243,50.293193,17.612705,67.788730,65.090585,67.492845,0.635245,2.922720,37.817625,5308.232708,2460.870213,77.070747
245,M09,humid,1.836044,44.943785,25.278145,46.635501,56.212274,38.930843,0.545739,1.792456,30.236682,4317.389960,2629.619198,77.146184
246,M09,humid,3.476238,66.495852,30.541327,81.239415,64.674027,52.056636,0.745736,3.447211,50.632696,6316.609564,4447.291925,83.259881
247,M09,humid,3.031525,69.477884,38.258668,83.451534,83.370728,98.615368,0.793655,5.055968,52.891850,6148.639559,3623.502501,79.601277
248,M09,humid,2.902316,62.604249,37.076845,57.237747,66.094288,48.362233,0.593753,3.200546,35.033780,4686.720167,2651.845259,63.437584
249,M09,humid,1.209957,47.287961,20.083573,50.719227,59.039816,53.368624,0.713086,2.213840,31.161703,5650.823963,3081.365758,75.520685
250,M09,humid,1.800603,49.164867,23.579140,55.536371,66.550839,52.707598,0.638820,2.580515,34.736134,4908.521913,3100.410270,73.580605
251,M09,humid,3.278558,72.379319,35.481071,61.163573,57.506156,56.973322,0.687878,3.878821,44.193512,5792.193548,3516.969334,75.147571
252,M09,humid,3.767700,85.725546,28.906135,91.234374,79.884343,91.272791,0.721122,3.838465,42.557288,6763.072358,3911.189115,85.978559
253,M09,humid,2.568545,61.383830,33.755122,79.426889,92.961935,76.530820,0.784838,3.963518,52.888070,6655.267777,5086.347131,83.596369
254,M09,humid,1.691561,43.453300,22.982175,70.912560,64.935443,68.007794,0.702095,2.262476,40.181207,4569.496087,1902.424563,81.292152
255,M09,humid,3.173248,74.027068,30.949590,83.286850,86.173216,74.460216,0.871107,5.039020,55.549196,7221.068143,4785.629208,100.000000
256,M09,humid,3.762669,73.525608,40.294810,61.354036,67.123698,65.467313,0.701710,2.348107,33.693701,5605.859231,3358.187025,75.644190
257,M09,humid,1.757804,55.516430,23.585231,67.980488,62.207481,51.832404,0.695587,2.600655,40.116265,5198.285504,2485.431812,85.129577
258,M09,humid,2.672699,63.316526,28.225202,60.128638,65.727768,84.701180,0.567476,3.091427,31.212992,5705.451941,3133.492427,82.351448
259,M09,humid,1.895835,71.854983,20.334598,48.204232,56.791285,49.341377,0.616570,2.863255,35.079226,4569.117637,2755.173038,74.468242
260,M09,humid,3.331290,73.010447,36.562858,76.563490,66.219493,61.153863,0.656416,2.834490,32.127231,6122.788070,3411.641576,85.962773
261,M09,humid,2.635451,66.016911,30.969726,72.952744,61.845865,49.215114,0.722296,3.222666,46.111235,5688.307134,3040.291965,62.841097
262,M09,humid,3.571314,46.336408,36.011250,68.553927,75.591757,82.933415,0.617737,3.736719,38.368064,6240.436996,3355.265212,83.198556
263,M09,humid,3.290581,79.088115,29.141482,38.362997,61.075822,39.773324,0.524134,2.271211,29.584712,4252.375001,2766.945045,77.304856
264,M09,humid,2.839029,63.282418,36.993617,66.592378,77.957403,78.519356,0.643491,3.150512,39.707499,4731.907197,2731.900862,73.676688
265,M09,humid,2.479711,54.648114,18.612829,58.245059,71.737523,36.852837,0.667454,3.568346,42.309621,6072.179387,3848.272908,77.810867
266,M09,humid,0.807315,39.184572,14.702255,66.293901,62.183766,51.564686,0.633794,3.314360,41.658632,6314.515068,2883.047922,70.893388
267,M09,humid,3.562452,74.487622,34.407050,95.109496,82.194324,66.523372,0.771761,3.626229,48.903682,6029.870745,3214.121266,70.633983
268,M09,humid,4.631374,90.123534,45.276641,73.475358,79.737172,83.454231,0.910584,5.817731,56.633822,7128.747504,4751.354207,99.812184
269,M09,humid,2.441045,64.295351,27.603768,90.524377,96.716382,75.731634,0.779175,4.131241,46.117102,6083.125330,3446.590249,71.433939
270,M09,humid,2.219812,52.447263,24.627765,71.166501,59.680650,69.917000,0.748109,3.357139,47.950691,6660.045970,3372.425052,63.116266
271,M10,humid,2.518132,63.525365,26.962153,72.359198,62.860855,40.707224,0.814330,3.816135,48.059691,5610.221892,3649.736346,75.078604
272,M10,humid,4.087077,79.079578,43.350534,53.737531,63.614540,34.729343,0.700045,2.629309,40.939738,5314.420951,2853.055644,80.702635
273,M10,humid,2.710310,67.191360,27.429927,69.906080,86.003571,73.609472,0.686473,2.883556,39.335315,5621.437535,3064.334496,73.167711
274,M10,humid,3.665326,74.664297,32.546860,88.332628,95.598858,99.684891,0.854572,4.543653,47.852152,6748.239340,4317.045507,85.714519
275,M10,humid,1.439025,45.925244,10.338257,40.351967,47.116181,48.644709,0.593538,2.585587,35.392562,4663.632748,3151.261597,76.720075
276,M10,humid,0.750492,37.205097,19.474363,64.979600,68.853618,69.611095,0.604891,2.447880,40.466800,4272.490147,1991.964225,73.334502
277,M10,humid,2.353578,69.584211,35.917510,89.494669,91.431975,89.939114,0.650100,3.334410,38.382304,5252.539927,2921.817398,82.305423
278,M10,humid,3.615237,67.951488,30.926663,71.860280,76.228119,84.587513,0.682801,2.980948,42.332610,5330.085761,2335.013821,63.348942
279,M10,humid,2.855498,60.712890,31.227053,87.842784,88.231729,68.924983,0.724043,4.883601,45.838468,6951.813557,4531.218348,81.838174
280,M10,humid,2.782749,57.923521,37.180932,61.042984,70.862058,77.478898,0.721292,2.927380,38.583432,4800.817350,3783.163712,64.741734
281,M10,humid,3.079930,42.762576,25.752425,52.456276,56.790288,51.135687,0.583358,2.577196,28.139870,5167.161399,3117.587353,69.539136
282,M10,humid,4.019571,85.885423,45.326778,56.910083,75.656314,67.143955,0.819307,4.315286,45.973188,5872.016089,3450.728228,75.083052
283,M10,humid,1.907916,51.560234,17.611579,48.504364,54.372601,42.676059,0.753630,4.484355,43.648129,5720.748655,3479.443651,84.370790
284,M10,humid,3.203752,79.548852,29.801413,67.945103,56.742179,66.490205,0.711776,3.281152,46.096913,5793.550726,4377.745202,84.088746
285,M10,humid,0.736235,43.338608,19.648084,69.964468,60.872668,48.532325,0.627854,3.319491,35.311339,4267.214815,2126.933126,72.653171
286,M10,humid,3.078448,72.911128,34.379631,79.407529,88.097888,88.384448,0.788695,4.027388,41.626950,5591.209615,3076.700319,76.397904
287,M10,humid,2.877224,70.942524,26.988154,68.232660,73.370079,75.516437,0.879514,3.515375,50.233362,6029.780168,2886.287425,68.536561
288,M10,humid,3.358709,78.711695,39.130261,100.000000,91.939906,94.835498,0.906069,4.700117,57.802357,7410.913529,4748.817477,86.860378
289,M10,humid,2.169888,51.747967,25.877510,63.109021,57.600302,67.074255,0.686412,3.030122,46.100004,4562.299229,2475.975417,71.336914
290,M10,humid,0.500000,42.546761,14.381482,61.258943,69.520862,40.017585,0.644139,2.913421,32.264289,5019.947097,2870.311098,67.310330
291,M10,humid,3.195047,64.870039,33.809252,72.783464,77.737756,88.725701,0.670711,3.172968,45.990985,5858.310793,3510.307801,72.764976
292,M10,humid,2.653607,69.690229,31.311712,72.240366,83.670223,74.321302,0.703132,3.411504,38.728799,5854.481157,3156.552939,95.478704
293,M10,humid,1.634939,20.960632,11.877130,42.362396,49.547010,41.665577,0.567703,2.999057,31.627555,4569.846985,2009.067912,59.404944
294,M10,humid,3.377577,63.444310,27.114883,75.562633,81.232143,83.507639,0.849548,3.954087,50.916714,5358.424926,2162.557842,67.673313
295,M10,humid,2.402522,65.328257,29.478002,83.113361,85.977617,77.166564,0.761138,4.190004,46.788859,6050.843692,3248.126144,88.154432
296,M10,humid,2.446963,53.557859,20.111475,65.083680,59.673236,57.809911,0.585773,1.465633,35.067750,5028.723727,3255.357255,77.393377
297,M10,humid,2.216132,48.163658,21.389544,55.970710,51.125009,48.241002,0.737837,3.490677,44.286647,5664.800720,2856.395936,82.404144
298,M10,humid,3.007789,76.368013,48.033316,75.599590,72.358127,65.852265,0.705292,4.053321,46.464476,6159.243185,4015.836118,84.982106
299,M10,humid,2.603298,48.452732,26.918132,48.544498,57.448189,74.424332,0.622168,1.569207,34.390829,3999.880980,1993.846481,58.349288
300,M10,humid,2.668533,60.455990,30.984898,72.033208,75.087473,69.899853,0.781997,2.793790,39.183718,5715.012020,3243.026531,79.537215
301,M11,dry,3.198352,65.782589,43.078532,78.992772,64.158864,55.076006,0.697257,3.933799,44.459562,5941.163627,3169.718205,71.293299
302,M11,dry,2.198948,53.668038,34.129494,62.276138,80.093315,76.328138,0.686063,3.592163,39.879786,4168.859376,2363.056329,60.604818
303,M11,dry,1.407952,43.591368,6.634422,40.029957,47.943230,33.376702,0.561809,2.324536,33.051187,3821.263256,1918.466909,46.730987
304,M11,dry,2.418857,67.396989,26.128473,86.979905,93.783364,60.883808,0.660177,3.287048,39.958464,5888.184055,3128.020430,84.339472
305,M11,dry,3.078868,66.820114,36.252061,61.478677,71.535570,62.861534,0.756791,3.853034,40.676299,4735.324204,3341.159025,87.571075
306,M11,dry,1.946992,51.751095,23.627717,56.382077,77.197526,55.763231,0.774032,3.182240,44.168129,4522.514814,3365.354203,51.747917
307,M11,dry,1.382153,37.514714,14.690197,63.248415,64.807725,61.618167,0.652467,2.590456,42.299660,3060.673564,913.836650,52.502013
308,M11,dry,3.968298,79.011187,44.330265,86.312876,100.000000,100.000000,0.763634,3.200406,44.153599,7312.299056,3910.954729,89.277784
309,M11,dry,1.442366,54.933599,15.197726,67.763631,73.063730,72.664820,0.673804,2.649603,42.591267,6674.429032,3736.680708,86.372070
310,M11,dry,2.143540,63.635813,35.032207,67.026030,68.127150,68.954931,0.795193,3.723212,42.786492,6189.653709,3338.836204,78.392791
311,M11,dry,1.840370,59.887744,20.263002,63.234869,67.161569,21.567589,0.642648,2.457457,33.388978,5173.686483,2501.105965,71.026351
312,M11,dry,2.205703,52.005096,23.651610,45.698030,35.846069,30.739344,0.586130,3.383317,43.605520,4932.603402,2909.985998,72.019493
313,M11,dry,1.961550,46.694311,15.434843,78.707824,85.800405,59.179143,0.721602,3.329196,42.262762,4982.674155,2432.095781,73.383268
314,M11,dry,2.679133,57.110679,16.328207,94.579344,87.045613,73.260686,0.763628,3.815577,49.900573,5833.990137,3567.399629,93.066381
315,M11,dry,3.260456,67.395475,35.761788,64.354694,71.211090,76.934328,0.576910,3.483831,44.214497,4856.039273,2597.821887,67.855157
316,M11,dry,3.039936,61.541150,25.228510,84.785505,78.126192,83.257820,0.827198,4.181291,48.979998,6371.345912,3641.045135,87.129409
317,M11,dry,3.158667,77.626919,39.762825,52.655803,60.621843,58.762673,0.606027,2.388937,33.708800,4899.796287,2503.478418,76.499946
318,M11,dry,3.167347,83.501660,36.203752,63.979561,68.439552,67.090636,0.708736,3.681530,47.045090,6483.730271,3972.903847,91.063374
319,M11,dry,3.684011,62.372984,40.376395,75.738970,89.722676,92.614724,0.639088,3.845657,46.247656,6909.407706,5123.417092,93.641535
320,M11,dry,2.301754,54.086893,26.277314,54.231273,54.641645,56.783009,0.581999,2.052173,31.070519,4819.624711,3598.568898,61.531355
321,M11,dry,2.454790,62.459033,27.790298,63.611513,62.780232,61.732179,0.678027,3.213619,45.280551,5559.431870,3122.019032,76.886460
322,M11,dry,3.128609,64.992688,34.766925,78.745821,68.364091,54.350864,0.832466,3.648734,55.102891,6205.289616,3991.576711,76.767861
323,M11,dry,3.032974,80.609695,41.630054,70.710464,70.003598,73.317129,0.667510,2.833947,46.338010,6684.029056,4391.491493,86.562538
324,M11,dry,2.617063,39.660235,27.427100,62.850087,60.546074,36.100985,0.622168,2.301401,36.595642,3867.458046,2411.247142,66.376879
325,M11,dry,2.705753,46.446364,19.493277,73.331715,78.191900,84.967828,0.683992,2.677521,45.301073,5591.319251,3048.194796,80.780613
326,M11,dry,2.547148,59.001233,33.512893,65.992402,80.091900,70.335501,0.835264,3.822740,45.268681,7162.537065,4744.689534,85.330063
327,M11,dry,3.134132,64.018676,36.375595,66.624468,72.439059,64.129770,0.769343,3.663749,47.199870,6783.983115,3841.323299,79.503450
328,M11,dry,1.735775,54.717445,25.022938,57.558966,55.475790,70.091556,0.482347,1.354291,34.864900,4811.394639,2310.095715,82.998400
329,M11,dry,2.102620,44.995233,16.428954,47.058245,67.955747,65.473387,0.512115,2.538966,35.570406,4474.826333,2758.239899,69.744632
330,M11,dry,2.329239,54.114895,28.526115,67.610974,61.850831,53.080311,0.651525,3.221059,47.402605,5377.478305,3472.028648,72.822434
331,M12,transition,2.823263,66.048819,33.893231,76.891331,86.442453,60.300814,0.771695,3.267317,42.610448,6166.415184,3588.067148,90.039865
332,M12,transition,2.561785,50.036109,13.116118,58.142806,56.372579,56.734139,0.628338,2.620597,34.502373,6039.939324,3724.013849,84.904605
333,M12,transition,2.690263,58.746408,18.376995,48.938439,41.560566,45.037096,0.554912,2.798849,22.631375,3825.139397,1150.819408,69.415088
334,M12,transition,2.868878,62.333464,37.681855,80.737006,95.097050,73.847037,0.837481,4.387234,46.026385,5674.462395,3429.600877,85.681086
335,M12,transition,2.542031,67.620707,27.317293,71.519347,66.247386,52.677216,0.673366,3.348400,45.047574,5626.588579,3709.470445,74.913813
336,M12,transition,2.172067,48.999310,20.860826,70.705065,75.470937,56.815030,0.760124,4.125244,38.691190,5423.451700,3104.961489,83.465484
337,M12,transition,1.503219,56.682462,36.190760,72.189561,69.703401,60.186028,0.693844,3.031150,35.359813,5923.892301,2479.954234,76.203070
338,M12,transition,2.555481,57.312149,23.601599,85.768477,78.951564,76.293230,0.779264,3.678759,55.822897,4868.051863,3271.777766,91.163717
339,M12,transition,3.463182,64.742511,27.859506,81.865942,72.765810,73.706535,0.812362,4.465036,48.186657,6467.536758,3609.430311,92.395251
340,M12,transition,2.445943,59.188907,30.232254,70.195453,73.348769,71.457757,0.824726,3.377044,49.506826,4717.978483,2297.631011,70.740203
341,M12,transition,2.264349,48.741821,20.306959,30.737164,56.097289,56.406466,0.605248,2.860064,41.141174,4275.387030,1940.312714,77.574954
342,M12,transition,3.211141,70.714590,28.330645,70.091097,75.499639,70.946268,0.740472,3.236623,48.554101,6399.610839,4057.273408,88.090118
343,M12,transition,2.712678,64.843512,24.826276,70.027921,82.527096,64.572007,0.822200,4.106326,45.012319,6102.967670,4094.835208,84.170386
344,M12,transition,3.325901,61.503632,40.078211,47.482772,54.505881,46.128741,0.601317,3.080454,37.809405,4296.537528,1916.835480,63.259227
345,M12,transition,1.739001,51.779598,23.845117,74.292228,72.405813,65.121271,0.750404,3.513678,49.406206,5050.354470,2411.030612,76.941701
346,M12,transition,3.473280,80.828501,40.286834,84.426753,89.869661,50.468034,0.733401,4.044050,42.973419,5300.076640,3161.101713,81.860435
347,M12,transition,3.124411,69.719592,36.271016,73.479672,100.000000,76.548697,0.816014,3.645490,49.699891,6413.489302,4762.813958,100.000000
348,M12,transition,3.609450,80.286859,35.469410,71.785899,68.193152,59.526398,0.679504,2.995912,39.653548,6292.803904,2898.893367,87.727242
349,M12,transition,1.734998,53.873688,29.971636,59.846368,74.041451,49.326158,0.667111,3.064595,34.700766,5832.377318,2780.107245,71.551685
350,M12,transition,1.725964,49.975765,26.595545,92.694707,91.358316,99.989508,0.612536,3.447516,44.168348,4578.183334,1888.618386,68.818886
351,M12,transition,2.967838,50.870602,25.909093,84.101006,85.119511,80.682114,0.894026,4.180118,45.271344,7702.203209,4431.285626,94.196738
352,M12,transition,2.909919,59.554968,33.154400,70.770675,59.595585,66.557853,0.795420,2.694051,43.337364,5490.161360,2869.565497,68.094580
353,M12,transition,2.027369,51.180658,18.388244,64.537958,63.103054,71.985283,0.515868,1.915376,30.774396,3485.030485,2329.946255,67.137203
354,M12,transition,2.528639,62.328187,34.643151,75.850667,71.352953,78.589615,0.739253,3.693166,36.242543,5850.309657,4832.291548,84.431271
355,M12,transition,2.196315,40.446426,13.885035,79.790413,66.985589,63.435897,0.594911,2.108210,37.724861,4414.375145,2348.539352,76.843160
356,M12,transition,1.711718,43.614926,29.963424,51.734554,63.707509,51.995386,0.647480,3.000726,40.389051,4779.741903,3283.365153,65.302539
357,M12,transition,2.601790,53.335293,23.928801,72.715605,83.256064,67.960498,0.691020,3.349600,43.792403,5505.101501,3156.401951,80.583217
358,M12,transition,2.306667,45.690131,17.603027,82.330178,89.222575,71.581816,0.634489,3.028022,38.149116,4491.815295,3263.875034,50.340553
359,M12,transition,1.300439,54.923424,22.885258,56.212909,67.525460,70.093251,0.620669,2.343285,35.722982,3644.123067,1567.747830,60.623041
360,M12,transition,3.299872,71.369489,34.685103,54.095148,67.708422,52.094005,0.663427,3.100029,35.927573,5390.385230,3725.927357,82.431971
361,M13,transition,2.632986,63.658656,32.783918,79.368331,79.380505,57.934476,0.822462,4.660810,51.649001,6344.250621,3724.475615,82.179705
362,M13,transition,2.785960,67.698082,32.878768,65.552371,72.843286,62.728981,0.758485,3.472762,50.342181,6999.587721,4127.122292,91.774148
363,M13,transition,2.014188,59.560234,33.135155,72.185926,68.003728,43.888956,0.669881,2.836708,40.327463,4415.156427,1851.483807,78.574595
364,M13,transition,3.418107,68.529631,30.273863,69.937344,70.999288,69.131894,0.835125,4.862842,45.500633,5373.682833,3747.671249,78.539093
365,M13,transition,2.438083,48.554452,19.201521,71.941602,81.837893,67.153698,0.654299,2.425063,39.275496,5930.605907,3766.389634,93.848579
366,M13,transition,3.975349,84.141791,37.790789,86.039784,77.286734,68.666517,0.894347,4.326902,53.786826,7171.043654,4454.673128,99.355295
367,M13,transition,1.313275,40.186348,16.971238,66.480643,73.030671,65.122579,0.775929,3.898249,49.909612,5587.244018,2808.770568,80.262286
368,M13,transition,2.440582,63.790642,19.804804,77.825212,69.264127,66.959766,0.605250,2.457771,40.880101,5379.860694,2034.252582,75.751381
369,M13,transition,3.413381,66.919332,28.357905,52.053168,59.953779,66.838341,0.678283,3.562906,46.997939,5745.893577,3912.171148,77.778311
370,M13,transition,2.563452,59.661213,30.581381,78.342192,76.646487,71.298549,0.683884,2.976343,32.266764,5372.504098,3482.668977,74.322753
371,M13,transition,1.973652,54.773944,22.894004,56.483030,59.401413,55.554164,0.664943,2.614861,36.584659,4205.529116,3079.290425,51.657480
372,M13,transition,2.947735,67.195160,23.557625,84.592407,90.778175,73.833307,0.777168,3.845933,50.244482,6167.841255,4775.024581,89.879074
373,M13,transition,3.272414,64.194643,33.263088,60.821008,72.513433,56.391901,0.661684,3.218303,38.050457,4894.416963,2709.474216,79.507208
374,M13,transition,0.683180,47.682835,21.540376,67.281313,61.930624,68.098284,0.674189,2.454615,34.716435,4426.860676,2490.194954,75.024796
375,M13,transition,3.304427,68.864979,38.743099,67.041046,72.242132,62.636930,0.788687,3.792279,45.030346,6472.850586,4147.880235,86.100958
376,M13,transition,2.800301,66.429857,37.294320,41.644704,51.448864,52.866245,0.616660,3.616714,38.487796,4309.362236,1440.902409,74.910607
377,M13,transition,3.265000,71.501605,43.059468,69.549304,70.089977,67.480878,0.777476,4.206484,59.189249,7452.386007,5394.152614,100.000000
378,M13,transition,2.086844,61.669630,16.433070,54.760581,70.445957,51.059912,0.592553,1.529725,41.155277,4578.481159,3357.351920,72.843196
379,M13,transition,3.344773,78.667249,33.861556,65.867936,75.823175,57.548671,0.802318,4.039683,44.090374,7280.374435,4667.806903,85.076171
380,M13,transition,1.907481,50.785594,20.756127,78.590058,78.963442,56.180514,0.714924,2.898509,36.754197,4713.999669,3925.213634,83.570758
381,M13,transition,1.905178,59.738161,22.961764,46.809898,46.323978,30.600349,0.651100,2.474918,37.168987,2727.262635,2061.879032,52.794465
382,M13,transition,3.427620,73.548286,26.758297,87.675747,100.000000,67.152216,0.792997,4.451396,50.427627,6277.296477,3755.946113,98.705008
383,M13,transition,2.086175,67.670574,24.359547,73.952516,67.102083,81.876001,0.875039,5.094691,49.331751,7867.638481,4361.307042,100.000000
384,M13,transition,2.064866,57.525380,30.682298,42.849015,64.089887,34.379019,0.754721,4.134133,44.038847,5661.668997,2339.133203,80.665482
385,M13,transition,1.184933,54.253280,18.845408,56.547041,57.697837,55.476408,0.721483,3.165031,40.203286,4049.707462,3186.113790,69.199761
386,M13,transition,2.961065,74.740555,34.676999,63.054770,69.679332,61.336036,0.771707,3.926507,52.329272,7625.344895,4301.743072,100.000000
387,M13,transition,2.885949,59.420694,26.487576,78.523081,81.818581,90.590652,0.769989,4.274473,39.458608,5866.536518,4013.350731,81.381594
388,M13,transition,2.923111,60.265006,29.715546,25.944885,43.354596,29.832907,0.562293,3.811240,42.082264,3963.031448,2083.096977,61.786106
389,M13,transition,1.715473,53.275484,18.876102,51.716131,50.910550,59.420380,0.762348,3.207078,40.937714,4510.088364,2917.016868,70.524228
390,M13,transition,2.128903,53.467638,23.780948,78.244823,83.545762,80.810229,0.682969,3.568160,41.432136,5729.997979,4048.703330,85.451736
391,M14,transition,3.161362,65.879356,31.956248,85.045274,80.055558,76.846699,0.722459,4.545036,47.332311,7259.636582,4538.226231,97.129529
392,M14,transition,2.928078,55.606925,33.856291,49.804238,70.594005,54.606874,0.635055,2.751014,37.438597,5626.949943,3521.512060,80.810701
393,M14,transition,2.084889,65.976770,18.068023,54.909804,75.695899,56.884985,0.744128,2.430753,33.511640,5407.134908,3143.299969,81.524585
394,M14,transition,3.578770,62.268927,32.325773,72.572329,66.671730,66.835640,0.625608,2.776949,38.960381,5165.220564,3376.303944,76.154982
395,M14,transition,2.408759,68.173366,26.723155,54.261665,74.112965,70.451052,0.720716,3.413204,44.499215,6798.019054,3991.812128,88.626704
396,M14,transition,1.559954,43.368607,25.020257,48.561474,54.512688,24.080606,0.568545,2.332963,32.500675,4269.824367,1974.672574,54.216402
397,M14,transition,2.621731,70.796228,31.845852,65.919414,78.784955,58.245181,0.701433,2.186307,42.139852,6117.566657,3685.511307,92.769171
398,M14,transition,2.089471,53.001497,22.725374,71.276965,62.645540,71.087868,0.695122,4.253123,35.638991,6097.178233,3539.887338,73.439090
399,M14,transition,2.839499,74.267566,39.928749,76.652194,87.171470,75.654374,0.702971,3.380665,36.157931,7255.833163,4786.895099,85.199166
400,M14,transition,3.190617,72.475732,33.131904,93.060940,85.242035,60.759903,0.804396,3.718084,48.419719,6720.404156,4000.964230,82.396706
401,M14,transition,2.483786,64.961394,31.643878,59.133294,72.529931,61.252154,0.647452,2.633891,49.395585,5191.344027,2863.051899,83.970679
402,M14,transition,2.241303,51.444791,22.444915,79.421126,70.585019,57.553218,0.802450,2.582236,41.805932,4090.757591,3357.584331,66.042091
403,M14,transition,2.152037,50.638458,29.793837,63.247149,71.884264,62.473991,0.651468,3.875365,38.880950,5683.887774,3475.121077,71.884573
404,M14,transition,2.919319,62.519989,25.270657,58.258360,65.518152,58.150342,0.776194,3.990850,52.320345,6589.634413,4668.319786,87.735644
405,M14,transition,2.624668,60.272228,35.508449,63.652785,77.895548,67.273507,0.563895,2.380271,36.111795,5705.716298,3213.306783,70.570815
406,M14,transition,2.862017,57.795213,22.619318,54.480814,77.338340,49.746839,0.675602,3.161967,37.661577,5285.715396,3653.137079,76.099430
407,M14,transition,3.049115,60.543300,29.806224,59.648388,57.526634,38.162052,0.637475,2.825549,41.338848,4700.555268,2850.879513,71.793113
408,M14,transition,1.319633,54.266958,30.416410,70.797629,88.037450,61.806018,0.608038,2.764640,34.305409,6348.865348,4348.429988,77.904320
409,M14,transition,3.317057,71.502544,33.559284,65.524399,75.611800,70.216426,0.702216,2.948238,46.072607,4201.413667,3189.988753,76.651928
410,M14,transition,1.594733,48.938112,19.287393,57.086117,72.603616,52.211810,0.660948,2.851084,42.731806,5169.858177,3283.069828,72.154513
411,M14,transition,3.065194,72.274155,26.799866,49.831122,80.666984,78.341570,0.699420,3.418497,37.382142,5734.842130,3618.082938,81.417579
412,M14,transition,2.436685,59.025139,27.713245,40.124680,65.332420,21.052254,0.719322,2.608304,40.926839,4937.960900,3107.514118,70.065300
413,M14,transition,3.181359,69.939094,22.651070,85.038438,77.664096,94.760148,0.745162,4.314514,43.907963,6118.794860,3329.063456,85.107816
414,M14,transition,2.795657,68.718199,17.108234,76.113971,78.676320,59.050848,0.636499,3.241195,34.814956,5736.545790,3001.592476,83.111405
415,M14,transition,1.578117,52.781044,20.411457,67.134016,76.608293,75.696360,0.558942,2.289710,32.540533,4523.271731,2217.187904,65.419211
416,M14,transition,2.335972,56.785834,28.953169,55.451655,69.732540,39.538624,0.550539,1.379607,28.816107,4754.312845,2748.693622,75.761793
417,M14,transition,1.704330,37.117121,24.464848,50.630710,65.636126,37.690079,0.555612,2.037065,33.180637,4451.731357,2022.987965,68.468330
418,M14,transition,1.905046,64.721269,13.223506,73.760202,92.617747,60.100496,0.672727,2.914199,29.066548,4789.450144,2780.116258,69.710435
419,M14,transition,3.039693,71.139647,27.578244,63.588791,81.640010,78.897312,0.725906,3.873105,45.604920,6802.700478,3932.235942,91.256289
420,M14,transition,3.703252,79.084617,37.185024,97.745234,91.916230,73.716328,0.798796,4.271496,51.539820,6561.675927,3517.439221,84.285407
421,M15,humid,1.533087,50.258193,19.206104,71.004877,73.854620,72.938854,0.674064,2.539371,31.317649,3955.635530,2253.555422,50.300881
422,M15,humid,1.717350,59.728334,12.889333,64.222838,62.839211,62.338172,0.553277,1.243851,24.258630,3440.972261,1492.732879,64.000986
423,M15,humid,2.937686,52.702473,29.460183,65.588240,76.505723,68.547543,0.637490,3.181605,41.223905,5313.581253,2946.037517,80.199368
424,M15,humid,3.010447,65.709544,30.168173,66.816647,63.343004,62.418545,0.810751,4.228226,40.701992,4461.484401,2616.817307,72.078829
425,M15,humid,2.249174,43.783520,12.040729,61.793068,67.867095,62.891274,0.676570,3.997031,43.663851,5113.491266,3514.186424,71.179454
426,M15,humid,3.720839,69.270782,33.831798,66.687081,73.038098,63.110648,0.678922,3.302062,40.091082,4440.990637,2195.772717,72.502299
427,M15,humid,1.777138,58.732555,26.879521,73.177312,73.700693,83.653803,0.706420,3.205938,46.775290,5455.830037,3059.935081,84.589734
428,M15,humid,3.015928,46.512737,22.629768,50.781704,56.187836,40.483234,0.665015,3.745781,46.799383,5790.205813,3428.100602,85.132696
429,M15,humid,1.482471,41.943031,16.596864,54.329956,59.681029,28.066564,0.513387,2.083217,31.916388,4429.866249,1336.886598,71.326198
430,M15,humid,2.266312,44.729292,28.640084,61.768933,58.189910,49.929666,0.748011,3.127233,41.565029,5660.496885,2721.577872,66.753755
431,M15,humid,2.888686,67.629501,27.765523,59.315011,61.348298,59.877525,0.674967,3.481919,38.559465,5640.939488,3856.376537,94.038720
432,M15,humid,2.530649,56.824430,25.799548,79.740646,80.142955,74.456877,0.673451,3.833002,39.141695,6117.528725,3116.854062,83.111612
433,M15,humid,3.744596,68.287632,46.424719,69.765994,71.311963,61.071375,0.845244,4.012072,46.800354,6831.660345,4191.847105,86.122739
434,M15,humid,2.542996,71.755744,25.449445,62.329506,91.575389,53.553175,0.691387,4.337682,40.481923,6161.831890,3472.243923,85.439002
435,M15,humid,1.508090,34.774721,13.603979,50.600406,60.488224,40.978689,0.458848,1.237596,27.483314,3550.720874,2015.878769,67.524146
436,M15,humid,2.965038,71.962523,35.343431,63.892811,62.755003,52.076025,0.636886,2.598822,41.180401,4534.154216,2449.359789,66.745569
437,M15,humid,2.664582,75.315635,26.160236,74.527054,69.198954,63.229773,0.710333,4.295171,45.491687,6731.415739,4607.463796,82.335547
438,M15,humid,2.371519,66.080610,23.549034,53.031012,65.034854,60.336470,0.554026,2.372334,38.752661,5034.135972,2687.364782,90.546945
439,M15,humid,2.122262,58.168199,24.069480,62.899380,70.928555,66.718759,0.641923,2.470036,40.441020,4665.902356,2447.622758,54.817419
440,M15,humid,1.884388,66.425859,24.286156,58.250592,75.382391,58.564759,0.641989,2.796648,37.727531,5064.052142,3821.159360,84.749917
441,M15,humid,1.142809,58.075247,11.970276,59.578108,64.321410,64.959645,0.712709,2.795788,46.040809,3927.543182,2184.716103,66.949206
442,M15,humid,3.128182,64.896652,26.169594,86.184238,91.708626,55.734277,0.794187,4.258923,51.740949,5939.068551,3871.369189,79.884910
443,M15,humid,2.835376,75.049974,36.775374,75.878529,75.081261,59.828358,0.651666,2.880339,38.867646,4271.038314,1699.522504,65.273950
444,M15,humid,2.998123,60.391773,37.477347,52.455125,66.137390,81.030426,0.700838,2.733458,42.728760,5919.073257,3257.466521,94.656952
445,M15,humid,3.237745,84.450449,33.849971,74.002624,70.923696,81.430378,0.657466,3.295292,44.711419,5985.512346,3832.548103,93.035489
446,M15,humid,2.293534,53.273032,29.380424,52.464085,65.640260,26.993487,0.711722,2.534382,29.466808,3737.087595,734.320770,50.275427
447,M15,humid,3.530622,53.751498,35.893030,84.827034,79.281412,61.286181,0.784251,4.247149,46.913403,6337.870705,3473.059829,70.551314
448,M15,humid,3.044337,79.199301,36.482801,61.608035,61.957019,66.300665,0.631781,3.616766,38.247834,4286.778863,3048.494074,74.449006
449,M15,humid,2.303439,55.425093,23.795723,72.564815,85.733612,67.366534,0.649169,2.715984,47.577968,6028.457418,3890.425302,88.952544
450,M15,humid,2.083001,50.158712,24.219404,70.468907,71.940861,59.150158,0.635358,2.549559,47.340171,5182.231711,4415.266902,80.967964
451,M16,dry,2.658545,71.672319,21.680508,87.267618,77.342441,51.765859,0.677083,3.310644,46.624020,4980.080974,3109.546675,67.728892
452,M16,dry,2.039344,69.108172,25.133900,43.660954,56.671166,45.291658,0.717793,2.729199,43.887077,3665.436139,2656.421681,66.192822
453,M16,dry,3.312285,76.420827,31.589991,92.683638,92.201908,74.825681,0.881891,4.484602,50.350800,6878.681359,4911.991306,90.437415
454,M16,dry,2.979145,71.120407,36.706223,68.633444,66.364601,79.902777,0.649565,2.583153,39.297495,5470.660284,2499.870643,83.795869
455,M16,dry,3.299406,52.330686,24.270567,73.663985,58.663920,63.222969,0.626589,2.929989,39.975116,4383.138735,2608.854756,78.412705
456,M16,dry,2.903974,86.630930,31.728111,58.820317,84.813958,69.001434,0.651083,3.738714,39.969992,5179.759310,3294.622345,72.653153
457,M16,dry,3.155638,72.167683,41.736287,84.099170,82.225702,65.160982,0.927158,4.654417,54.207336,6066.680395,3769.370478,86.751302
458,M16,dry,2.498215,64.309022,20.790499,78.869578,68.478964,75.993990,0.691287,2.551025,41.738376,5050.856202,2386.826334,82.247417
459,M16,dry,1.968385,42.389081,23.611661,39.198776,44.578907,45.769739,0.679165,2.945820,44.477721,5080.957802,2812.939660,78.688948
460,M16,dry,1.925096,65.123277,18.999433,42.245633,43.168224,41.610031,0.578907,2.493968,27.088481,4529.635997,3269.914276,78.042032
461,M16,dry,3.917295,82.749194,35.887563,75.117745,77.588322,83.860799,0.685162,2.721545,36.955793,7595.173887,3130.951381,83.231040
462,M16,dry,3.516888,67.083540,31.325835,53.722629,65.245801,42.327444,0.648583,2.818075,45.193415,4581.532230,3272.842969,73.456466
463,M16,dry,2.508213,57.284532,25.368879,73.662482,67.744155,70.575247,0.757954,3.662984,43.984889,5804.691954,3524.777418,85.025670
464,M16,dry,1.443998,48.079859,24.048984,64.762509,84.651089,56.415423,0.661733,1.725143,40.145052,5677.900812,3713.580894,68.596731
465,M16,dry,3.237741,52.912019,30.467751,72.383763,70.797548,93.001459,0.723052,3.537413,42.806570,5575.618139,3310.503265,73.426537
466,M16,dry,3.243532,68.933017,31.700594,64.145248,72.451592,62.813946,0.561050,2.487700,34.240920,5325.587105,3697.839226,69.584894
467,M16,dry,3.116405,79.298141,22.793415,52.518732,70.895945,49.841798,0.724901,3.013605,42.662242,6615.882767,3476.895478,77.031776
468,M16,dry,1.144759,39.725106,13.461872,61.276432,67.488809,50.743612,0.642671,2.858223,37.767933,4710.402056,3249.731716,71.101644
469,M16,dry,2.283030,80.981354,17.473954,69.213704,63.582204,58.759611,0.706314,2.881033,43.890143,5494.567649,2453.417407,77.064030
470,M16,dry,1.543839,51.966654,19.885293,70.242918,72.070617,62.555119,0.687964,3.508865,33.362152,3750.521900,3024.149499,72.998471
471,M16,dry,3.002040,89.049899,30.288341,88.438641,82.230253,71.482851,0.811186,3.797804,39.696740,6018.172583,3010.757650,82.252469
472,M16,dry,2.523024,47.532134,17.073238,59.014723,59.949587,65.576609,0.633310,3.401338,42.599692,4537.263521,2664.675274,66.245349
473,M16,dry,2.348688,52.983915,28.791744,69.661198,73.472843,68.824374,0.561351,2.836109,39.221414,5997.975549,3295.993541,74.581565
474,M16,dry,2.831084,54.644406,22.647363,64.950957,71.187569,69.263836,0.697771,3.765069,48.797376,5024.407718,3211.498122,90.455735
475,M16,dry,1.910778,41.540266,23.255771,62.718548,71.381728,50.087759,0.704855,2.936146,40.277805,4729.093538,2718.799325,72.914845
476,M16,dry,1.504566,36.669867,20.940189,53.286354,65.182006,52.343269,0.674518,3.673071,34.972803,5177.799991,2967.402849,76.518333
477,M16,dry,3.630779,75.234224,34.781670,87.203762,64.209264,83.011942,0.693263,2.941980,37.836382,5348.903517,3059.383762,72.487248
478,M16,dry,1.938642,54.260536,26.187937,73.590449,56.856993,68.148054,0.769626,3.863649,50.160405,6056.271371,2194.690222,83.446527
479,M16,dry,2.510278,48.618276,32.002550,79.577176,70.875383,64.019169,0.554799,2.089214,32.506424,4508.951736,2287.797656,61.014952
480,M16,dry,2.333638,58.537314,29.533419,58.712287,43.874133,42.822503,0.598977,2.713860,35.786254,4008.365591,2180.855931,62.828350
481,M17,dry,2.920649,68.515183,31.697874,76.284718,80.649877,71.625046,0.743909,3.856276,50.459361,4140.191744,2651.065016,70.622279
482,M17,dry,2.614110,47.881160,33.921037,77.523987,76.581171,66.221033,0.701496,3.248020,36.155087,3473.140146,1958.659957,53.124768
483,M17,dry,1.993753,52.182323,22.521994,40.866300,48.778844,66.168271,0.605919,2.826491,32.670823,3935.721591,1422.500052,61.462484
484,M17,dry,2.638998,49.469744,27.686767,45.529150,48.342455,44.020790,0.505531,1.571974,24.500219,3774.209885,2416.363387,68.991310
485,M17,dry,1.110134,37.569376,7.454940,68.100451,80.458082,59.167882,0.574345,2.997454,30.206202,5225.747290,2674.957564,70.170366
486,M17,dry,2.405086,68.220051,25.555901,43.151590,45.098326,30.094660,0.723348,3.161163,47.712966,4382.228447,1527.434028,67.968502
487,M17,dry,2.450900,54.335123,23.871383,65.240257,66.899259,72.724310,0.702593,3.074694,37.737690,5219.431430,1753.869192,73.998577
488,M17,dry,2.269867,55.847273,29.865757,74.218561,73.876870,52.780560,0.716430,2.640227,46.453658,3825.337209,2767.376135,60.294856
489,M17,dry,3.335764,63.258433,30.068674,83.671678,76.356393,66.079681,0.699834,3.433579,40.356896,5026.875782,2603.368440,73.634307
490,M17,dry,2.305720,59.466276,28.084453,73.984372,74.047182,60.714038,0.628672,2.576696,35.146990,2961.646477,1023.787733,64.961337
491,M17,dry,2.855453,47.326306,24.038916,62.106332,69.018246,45.562853,0.654702,2.911301,43.625327,3513.830768,1030.820569,55.647552
492,M17,dry,2.338936,61.891650,21.176628,62.192473,57.682890,42.856452,0.587052,1.624354,31.945502,4376.398245,3017.673184,67.146299
493,M17,dry,3.363260,75.931989,31.627786,62.698496,60.292877,54.458569,0.700432,4.450553,46.721944,6419.667448,4742.666637,80.790557
494,M17,dry,2.068917,53.870567,10.673882,81.309984,86.217969,45.050911,0.711308,3.486984,46.505892,4589.671270,2149.766625,69.602858
495,M17,dry,2.713765,62.072032,22.470032,46.603698,54.230474,46.100860,0.600676,2.877119,37.815667,4058.630532,2137.661451,60.757521
496,M17,dry,2.872033,65.527265,36.493614,72.139834,74.975658,72.640599,0.673372,3.403475,38.213293,6040.580885,3900.515901,100.000000
497,M17,dry,2.707989,82.082831,38.806225,52.149887,52.581575,40.406927,0.704000,2.786871,41.096497,5875.385630,2367.696010,78.359796
498,M17,dry,2.809796,59.743014,29.010138,59.329455,48.476099,44.520885,0.585190,2.194790,35.537280,4390.973270,2966.395126,75.338047
499,M17,dry,3.283550,61.682606,25.702592,89.521001,89.307462,89.626550,0.728793,3.089435,37.822689,6553.626304,2688.616356,80.645435
500,M17,dry,1.907523,57.830201,27.061738,68.675987,67.819383,49.370988,0.656517,4.053345,34.535036,4315.234175,3134.552949,64.833936
501,M17,dry,2.918371,73.029062,27.140332,59.385343,60.041603,73.318662,0.639700,2.443991,34.717612,6011.848024,3568.587357,91.185465
502,M17,dry,1.846987,41.321205,21.494189,41.377740,47.785524,32.703663,0.569597,1.950416,33.061194,4429.920852,1761.086650,59.615599
503,M17,dry,2.483862,61.430431,23.671470,70.058213,92.909044,71.826901,0.743774,4.054457,48.907729,4153.388213,2653.152714,65.506965
504,M17,dry,2.587227,51.661174,30.762851,60.795898,69.452294,55.217810,0.628276,2.807133,45.546365,4959.395613,2260.461713,76.510925
505,M17,dry,2.377468,76.918443,32.984100,61.848318,62.901699,84.704753,0.677939,2.935804,46.494611,4416.695662,3496.690354,72.458197
506,M17,dry,2.588104,56.495658,28.205260,76.495559,64.655631,65.793065,0.674938,2.586615,28.543192,4728.625481,1719.826628,61.331285
507,M17,dry,2.863260,57.774854,29.608797,59.500820,56.667957,36.890478,0.535598,1.711514,34.975363,5074.652099,2511.993337,59.938007
508,M17,dry,2.348669,56.876036,32.156222,61.055773,78.870555,62.498265,0.493540,2.487480,30.483557,3325.515829,1557.731012,59.750215
509,M17,dry,1.749812,31.421400,11.877168,49.281638,54.988624,41.125385,0.581182,1.966335,42.185905,3641.613170,2123.376800,66.829226
510,M17,dry,1.628028,50.821869,19.245453,63.785054,52.843929,57.450418,0.648410,2.253599,37.000232,4550.963617,2205.533344,72.015479
511,M18,dry,2.645936,51.660859,27.039639,71.985766,81.492283,63.717964,0.779036,4.121323,47.993637,5107.776965,2682.577515,61.972027
512,M18,dry,2.640153,63.977370,29.481816,77.379289,74.661265,62.387141,0.709790,3.358621,44.160165,6715.595287,3610.743873,100.000000
513,M18,dry,2.216315,51.527746,23.458334,81.630715,78.308758,62.079673,0.682157,4.556899,48.154608,6877.800875,4765.535292,100.000000
514,M18,dry,3.884630,87.058028,41.947641,70.096058,77.891593,81.221972,0.780103,3.386288,44.708129,7135.919349,4164.553910,94.364259
515,M18,dry,2.238947,50.364034,24.719134,79.685819,78.046071,64.100793,0.730836,2.593701,33.310928,4650.058704,2799.436923,68.171166
516,M18,dry,2.879766,68.404977,29.127465,68.877824,82.761911,62.685781,0.779253,3.649099,41.240762,7266.051349,4488.428278,94.952201
517,M18,dry,4.196940,80.619347,55.000000,79.256097,87.665745,62.190790,0.940000,4.993949,60.797165,7969.942748,5384.456119,100.000000
518,M18,dry,1.619622,47.613671,22.020068,54.981040,50.961156,58.950927,0.527065,2.465684,39.407039,3878.765378,2458.143784,62.430404
519,M18,dry,3.209857,54.560346,27.868378,97.675178,100.000000,90.670236,0.869118,4.846469,48.891441,7854.226908,4592.028031,92.431706
520,M18,dry,3.221606,71.111085,24.030813,83.410851,73.459589,51.945283,0.831998,4.238277,49.643284,6064.467525,3651.949061,93.498648
521,M18,dry,2.569675,46.784999,21.281392,66.111038,62.439804,71.811755,0.631350,3.274165,35.445741,4762.911004,2869.168594,69.780821
522,M18,dry,2.005053,56.030936,31.103235,90.313008,69.927871,72.182034,0.739039,3.754770,43.385002,7881.470325,5024.728256,96.237852
523,M18,dry,2.387551,72.400247,37.027669,66.960605,79.332853,59.007007,0.713910,3.184287,49.905992,5614.088945,3079.375019,81.120489
524,M18,dry,2.299074,54.661116,22.750766,51.013267,74.703908,46.993342,0.755727,4.101337,47.505026,5224.310816,2957.668597,82.426158
525,M18,dry,2.972220,55.475229,36.696687,61.012229,82.508095,69.037717,0.784360,2.734701,46.555057,6804.813864,3975.771105,88.788632
526,M18,dry,2.713847,57.230438,26.311271,86.278818,73.547850,74.242630,0.639274,3.186937,40.662588,4852.523963,3164.072364,85.186490
527,M18,dry,2.168586,59.709896,21.728170,79.716953,94.197096,81.746201,0.799144,3.970490,46.890596,7005.079956,3676.937917,84.948033
528,M18,dry,3.053389,64.519600,18.858514,76.775761,78.087036,80.575680,0.656341,3.038588,45.724377,5793.382237,2826.636054,76.522257
529,M18,dry,3.342512,70.478446,33.049637,87.620571,94.434599,91.959834,0.914006,4.632230,49.742293,6450.333459,3849.026929,94.939034
530,M18,dry,2.337257,63.008630,23.083841,66.980921,73.921764,88.702497,0.783625,4.034619,50.282173,5887.977657,3659.529381,77.943466
531,M18,dry,3.606663,67.475054,32.352740,74.691049,75.922926,83.004497,0.687352,4.065321,36.754591,6810.472416,3870.044262,84.965418
532,M18,dry,2.643735,58.139992,22.989128,74.534025,74.160177,75.159242,0.595207,2.426982,29.382205,6050.382702,3243.749283,80.180239
533,M18,dry,2.758873,71.946102,29.630597,71.864795,87.252481,81.900236,0.682822,4.356218,37.253711,6078.058652,3693.811315,75.396025
534,M18,dry,2.355030,49.767169,17.020835,82.622344,68.521588,47.041089,0.732850,3.116146,41.724281,5958.220177,3432.240451,88.256204
535,M18,dry,2.239018,60.843869,30.558045,62.428631,72.551518,45.340834,0.592828,2.488723,35.653291,5279.897157,3473.489000,80.399923
536,M18,dry,2.667936,74.445907,31.120526,69.371109,71.729857,78.441936,0.870679,4.068285,46.746173,6162.505701,4174.538930,84.832608
537,M18,dry,1.868064,53.443732,23.005245,40.062972,57.738580,37.961049,0.629086,2.708947,38.260423,5088.798320,1488.955546,77.082643
538,M18,dry,3.187033,76.999970,35.756388,61.461367,74.697265,55.455011,0.626721,3.204030,47.028672,6715.430050,4311.678720,82.499844
539,M18,dry,1.555580,53.479496,20.398331,58.044235,67.974184,49.020364,0.540343,2.691429,36.281858,6250.186654,3075.817722,67.287720
540,M18,dry,3.482133,65.525195,35.946091,62.920035,55.352140,73.172392,0.825733,4.023901,48.240462,6635.753308,4333.095749,92.693631
541,M19,humid,1.334981,52.333691,20.721008,68.643578,62.374474,66.496614,0.572206,2.444550,28.408233,4303.833396,2681.046067,62.201997
542,M19,humid,1.957925,53.135325,21.543303,46.210718,73.195808,42.092302,0.604384,1.874065,32.843940,4534.265842,2919.361829,75.148656
543,M19,humid,2.788580,55.798863,29.839831,64.328977,67.662181,62.588425,0.756216,3.794783,36.588679,4687.008590,2676.958828,76.021024
544,M19,humid,2.624653,73.591636,35.201005,56.662890,64.400184,56.231557,0.562842,2.444957,37.136614,4672.958599,1933.830685,59.649397
545,M19,humid,3.054057,77.320831,45.846078,59.326385,67.530907,59.979222,0.652758,2.888603,34.251173,6217.023769,4825.229563,87.262378
546,M19,humid,2.667459,63.394185,24.361420,73.081526,80.674815,70.645254,0.716829,3.884446,44.056228,6276.106628,3190.691786,79.691189
547,M19,humid,2.377650,65.617974,25.960582,70.248136,78.138432,59.350581,0.677201,2.943957,38.490824,4040.683015,2806.606224,62.983182
548,M19,humid,2.162460,41.678279,35.814727,62.853452,73.620966,74.277090,0.738680,3.478286,43.416353,5697.448529,3781.135987,79.136112
549,M19,humid,3.352045,73.609241,38.316888,52.424542,62.265654,56.966828,0.674397,3.967058,40.807679,6388.001043,3365.134396,76.120999
550,M19,humid,3.047086,63.028410,27.665286,54.160702,61.528140,60.380075,0.818341,3.628100,47.181764,5186.675447,2830.947320,62.247456
551,M19,humid,1.434650,57.747102,7.301671,57.912051,72.747589,65.149530,0.750453,3.503489,41.323073,5707.682662,3496.251895,79.374704
552,M19,humid,3.143001,66.015038,33.382506,74.590984,83.203242,74.902202,0.833304,3.486563,49.476639,6207.725670,4003.324568,91.916084
553,M19,humid,3.476294,69.428724,34.236835,83.971039,86.395561,78.700926,0.768315,4.039297,47.889962,6590.174607,4608.916887,89.668767
554,M19,humid,2.629060,59.068987,25.575665,77.824216,81.664205,84.562647,0.772878,3.851631,49.710043,5679.703053,3459.058038,79.948484
555,M19,humid,3.036244,62.684521,44.068026,74.315448,68.098099,64.744497,0.726248,3.179703,44.499258,5823.341567,3101.400698,75.843472
556,M19,humid,3.120604,64.262409,34.523548,84.320328,75.471379,63.626475,0.765631,3.944424,40.905644,4571.334059,1849.735246,61.110732
557,M19,humid,3.379715,66.861595,27.187663,45.882185,41.085278,48.723494,0.833231,3.795583,51.600454,5621.350231,3248.342558,93.896936
558,M19,humid,2.884640,42.521333,43.136680,90.139559,87.875496,81.677329,0.788471,3.930264,49.451892,6240.604797,4687.207330,97.761292
559,M19,humid,3.231418,78.731823,34.953011,83.506437,77.298620,75.198850,0.732015,2.899134,44.766277,6852.127106,3580.083214,99.308253
560,M19,humid,2.696777,59.559420,27.267149,62.502601,78.223408,68.215159,0.739037,3.872395,42.517718,5560.372150,3194.007038,73.491178
561,M19,humid,2.573352,53.026224,30.200499,62.624565,80.607587,52.348942,0.786187,3.396214,46.106739,4426.760125,2413.516567,85.143226
562,M19,humid,3.435747,85.788022,42.690246,76.700287,86.501545,83.743949,0.820151,3.356103,47.876601,7047.567168,4005.318129,86.052386
563,M19,humid,2.349995,67.023492,24.761584,76.995052,71.740720,67.938244,0.793601,4.415497,54.529509,6649.236204,4072.741240,77.145669
564,M19,humid,2.457539,52.317872,33.873267,84.676971,64.551587,68.394050,0.750718,2.827483,35.927260,4869.499596,3284.138408,79.975631
565,M19,humid,3.276351,73.488813,41.808886,76.589650,75.840658,67.746263,0.940000,4.715697,56.132813,6757.996224,4424.304978,93.041425
566,M19,humid,2.114870,33.385764,22.326506,54.794089,58.084051,53.830521,0.618426,2.209406,39.473139,4378.417510,2788.260932,71.055402
567,M19,humid,2.586481,57.794512,17.561456,61.992230,66.609914,68.768923,0.507867,2.955449,29.114206,4838.635614,2631.937449,72.277198
568,M19,humid,3.286204,70.597794,26.528276,68.467249,60.450140,73.415677,0.725213,2.954004,38.428310,5692.021627,2544.161759,78.722105
569,M19,humid,2.149917,45.607288,29.903688,62.998544,72.884378,69.494378,0.677091,2.635005,40.024663,5434.044163,2395.150123,89.534259
570,M19,humid,1.851329,44.566517,28.451424,59.701301,76.473137,80.210071,0.731589,4.353950,42.269961,5387.697675,3229.738020,75.583277
571,M20,humid,2.907000,63.398577,35.847174,73.077368,59.981020,63.663345,0.596946,1.825441,34.560454,4756.325306,2516.213530,84.410330
572,M20,humid,2.495328,71.770252,27.939524,74.273169,62.923289,56.971807,0.549429,3.158585,40.872323,3742.507364,2657.438997,57.762148
573,M20,humid,3.154361,70.706508,48.331310,56.175087,74.294694,64.831446,0.759615,3.438130,51.001009,6567.064467,4298.360419,85.214155
574,M20,humid,2.003820,55.765541,22.655073,47.718374,64.257360,63.203378,0.604697,2.051644,40.973560,4785.372329,2309.755493,66.061743
575,M20,humid,2.968095,62.713257,35.136054,82.698981,69.918936,56.876951,0.783292,4.281889,38.681514,6373.468736,3709.749168,78.724479
576,M20,humid,2.636577,73.504217,21.956890,84.751295,73.548443,74.598902,0.712693,2.981718,46.943617,5471.084891,3008.103881,73.833708
577,M20,humid,1.869411,55.682533,12.486802,75.693136,78.608633,76.635752,0.724542,3.734942,39.685967,5572.585768,3323.339804,64.255666
578,M20,humid,2.832437,63.552366,31.802219,69.009565,68.660687,62.060630,0.761043,3.668048,39.606522,5344.881705,3267.110603,81.898310
579,M20,humid,3.700926,72.610797,35.939977,53.469114,57.194748,46.811195,0.707062,3.145288,37.385254,4800.762445,2781.990622,77.398001
580,M20,humid,2.488205,53.794297,28.823365,65.137864,77.872736,62.911604,0.649673,2.186599,34.721861,4427.123213,1796.426118,75.063715
581,M20,humid,3.570837,61.653800,25.640268,35.835795,50.230619,41.587557,0.633048,3.640619,36.632168,5755.573901,3684.495710,86.560547
582,M20,humid,1.828994,55.894962,27.580738,77.888452,83.166210,84.822766,0.695234,3.810591,44.755124,5749.280227,3919.174678,88.861982
583,M20,humid,2.341215,54.317269,30.422119,57.210492,82.006025,66.904749,0.678578,2.328458,39.516783,3381.244037,1803.042063,75.313083
584,M20,humid,2.522282,70.024670,34.307620,76.554442,80.310166,67.763740,0.738238,3.869417,41.315102,5504.344008,2462.541049,81.167412
585,M20,humid,2.934645,68.485421,28.651700,93.952193,88.061453,80.797635,0.815813,5.157410,56.539765,5990.210620,3366.622591,72.854173
586,M20,humid,2.988976,52.733024,19.245890,75.244967,62.006958,68.802915,0.707805,3.118532,40.979459,3644.051869,1632.741759,59.434532
587,M20,humid,2.521129,63.655957,34.476747,58.716257,67.887467,62.356323,0.626913,3.127781,34.709363,3486.745934,2566.841608,70.905928
588,M20,humid,1.725322,25.946146,15.730483,65.707689,52.832761,46.303731,0.653666,1.941092,34.310875,3981.059433,3067.029875,68.345823
589,M20,humid,1.575775,45.800336,14.910113,68.156434,48.720048,51.332092,0.630211,1.775092,35.956696,3163.830924,2256.897717,64.317580
590,M20,humid,2.238708,56.748915,36.320714,65.758565,66.358777,63.637319,0.616850,2.423700,41.817587,4387.807554,2194.731623,54.686152
591,M20,humid,2.356394,53.694188,30.118651,73.612932,62.805060,66.497022,0.891222,4.297898,55.169218,5624.883513,2659.096461,81.654741
592,M20,humid,2.763908,68.117574,26.796956,56.688205,47.189733,74.983151,0.694032,3.071665,34.183018,4692.445379,2552.450029,82.544548
593,M20,humid,3.525243,86.089942,35.091042,68.580347,64.069084,68.602882,0.752738,3.753155,48.406144,5580.328401,4020.954386,85.685893
594,M20,humid,2.179321,67.768163,24.280689,71.075774,77.212494,57.291895,0.530667,2.345065,31.579995,5170.591787,3081.154139,68.790588
595,M20,humid,1.256997,40.701942,21.233796,57.140419,49.594854,49.018608,0.564170,1.928791,36.979093,3351.115085,2251.232792,65.115468
596,M20,humid,1.587222,58.673426,19.305827,66.727894,68.231366,46.380010,0.766027,2.480762,47.905218,4246.625648,2691.345580,68.382716
597,M20,humid,1.077339,29.840270,19.529697,60.613824,73.002553,64.851753,0.662664,3.754322,43.834771,2383.358006,1357.665730,52.493602
598,M20,humid,2.399427,75.046857,18.745389,46.584999,46.200629,24.600183,0.616145,3.320931,33.978601,3515.346133,2905.893190,59.587961
599,M20,humid,3.257468,78.354368,42.137048,70.653784,74.390611,56.134691,0.614877,3.178823,38.801785,5733.070040,2916.620535,74.597326
600,M20,humid,1.689723,61.764992,24.712984,55.051493,57.800143,31.590946,0.631514,2.713632,36.990832,3298.321303,2787.307574,56.014040
