id,production_system,soil1,soil2,soil3,soil4,root1,root2,root3,resil1,resil2,resil3,ystab1,ystab2,ystab3
1,conventional,2,2,3,3,5,3,3,1,1,2,3,2,2
2,conventional,1,1,1,1,1,2,1,1,1,2,2,2,3
3,conservation,4,5,4,4,4,4,3,4,3,3,2,1,4
4,conventional,3,5,4,3,4,3,3,3,4,4,2,5,4
5,conventional,5,5,5,5,2,3,4,3,4,2,4,4,2
6,conventional,3,5,2,4,2,4,3,3,4,3,4,3,2
7,conventional,3,3,4,4,2,1,3,1,2,1,1,1,1
8,conventional,5,5,4,4,4,5,2,5,5,5,4,4,2
9,conservation,1,1,1,1,2,2,1,1,1,1,1,1,1
10,conservation,4,5,4,3,3,1,4,5,5,5,4,5,5
11,conservation,1,2,1,1,1,2,1,1,1,1,4,2,3
12,organic,5,4,2,4,3,3,3,4,4,4,3,3,3
13,conventional,2,4,4,3,3,2,4,2,2,1,1,1,1
14,organic,4,5,5,5,5,5,4,4,5,5,5,5,5
15,conventional,1,1,1,1,2,2,4,1,1,1,3,3,2
16,conventional,3,4,2,2,2,4,1,3,5,4,2,4,4
17,conventional,5,4,4,5,5,4,4,5,5,5,5,5,3
18,conservation,2,4,2,2,3,2,3,2,1,2,1,1,1
19,conventional,3,5,4,5,1,1,1,3,3,3,2,3,1
20,conventional,4,3,4,2,3,5,5,3,5,4,4,4,5
21,conservation,4,5,4,4,3,1,2,3,1,1,4,3,2
22,conservation,1,1,1,1,5,2,4,2,2,3,3,2,4
23,organic,4,5,5,2,5,5,4,4,4,4,1,1,4
24,organic,4,4,2,4,5,5,5,3,5,3,5,5,4
25,conventional,1,2,1,1,2,2,1,4,5,3,4,4,3
26,conservation,3,2,2,5,3,4,2,3,3,2,1,1,1
27,conservation,4,1,3,4,5,4,3,4,4,3,3,3,4
28,conventional,2,4,3,3,1,1,2,1,1,1,1,1,1
29,conservation,2,2,2,2,2,2,1,1,3,1,3,3,3
30,conventional,3,2,4,2,2,2,1,3,2,1,1,1,3
31,conventional,1,1,1,1,1,1,1,2,2,1,2,2,3
32,organic,3,4,3,5,5,5,5,5,4,5,5,3,4
33,conservation,3,4,5,3,3,2,4,2,3,2,2,3,4
34,conservation,2,1,1,2,2,3,2,3,2,2,1,1,1
35,organic,1,1,1,1,1,1,1,4,2,2,4,4,2
36,conservation,4,3,4,3,1,3,1,3,3,2,1,2,2
37,organic,5,5,5,5,5,4,5,5,5,4,5,5,5
38,conservation,4,4,4,3,5,5,4,1,1,2,2,3,1
39,conservation,1,2,3,3,3,3,1,5,3,4,4,4,3
40,conservation,4,5,5,5,2,2,2,2,2,2,2,2,2
41,conservation,3,5,4,3,5,4,3,3,2,4,5,4,5
42,conventional,3,3,5,4,5,5,5,5,5,5,5,5,5
43,conventional,4,5,4,5,2,2,1,3,3,3,3,2,1
44,organic,3,4,4,2,5,5,4,3,4,3,5,3,5
45,conventional,5,4,4,3,5,5,5,5,5,3,1,3,2
46,conservation,5,5,3,3,3,5,3,5,4,5,4,3,5
47,organic,2,3,2,2,4,5,3,2,4,4,2,2,1
48,conservation,1,2,2,2,4,3,5,2,5,3,2,1,4
49,conventional,1,1,1,2,3,4,4,1,1,2,2,2,5
50,conservation,1,1,1,1,2,3,5,1,1,1,1,1,1
51,conventional,5,5,4,4,5,5,5,4,3,3,5,5,4
52,organic,5,5,5,5,4,1,4,5,5,5,5,5,5
53,conventional,4,4,3,4,5,4,5,5,5,5,4,3,3
54,organic,2,1,3,2,3,3,3,1,1,2,1,2,2
55,conservation,3,5,5,5,5,3,4,1,1,2,4,1,4
56,conventional,2,1,1,4,4,2,1,4,5,4,4,3,5
57,conventional,3,3,5,2,5,5,4,1,2,3,4,5,5
58,conventional,3,1,3,3,1,1,1,2,2,1,1,2,2
59,conventional,3,1,3,2,4,5,3,4,3,4,3,3,3
60,conservation,5,5,5,5,4,5,5,4,3,2,4,4,4
61,conservation,2,3,5,4,1,2,1,4,5,2,3,2,1
62,conventional,3,4,3,2,5,3,5,3,3,3,5,5,4
63,conventional,2,3,4,5,2,3,3,2,2,4,4,4,4
64,conventional,3,5,3,2,4,5,3,5,5,5,2,5,3
65,organic,3,1,2,1,1,1,1,2,2,4,3,1,3
66,conservation,1,2,1,2,2,1,3,2,1,1,3,2,3
67,conventional,4,2,2,5,1,1,1,3,1,4,1,1,1
68,conventional,5,4,4,4,5,5,5,4,3,5,4,4,5
69,conservation,5,2,4,3,4,2,2,5,4,3,5,5,4
70,conventional,4,3,3,3,3,3,4,3,3,3,1,3,3
71,conservation,1,3,3,1,2,2,1,3,2,4,2,1,2
72,conventional,2,4,3,4,3,4,4,2,3,2,1,2,1
73,conventional,1,3,1,2,2,2,2,2,2,2,1,1,1
74,conventional,4,3,4,4,3,3,2,2,2,2,1,1,1
75,conservation,5,3,5,4,4,4,5,5,4,3,5,5,5
76,conventional,2,4,2,5,1,3,1,2,3,1,5,3,3
77,conservation,1,1,5,2,1,3,4,4,4,3,4,5,4
78,conservation,2,2,2,1,5,4,5,4,5,3,3,4,5
79,conservation,2,2,1,3,2,1,1,2,1,3,3,4,2
80,organic,2,1,1,1,3,1,3,2,1,4,3,4,5
81,organic,2,1,2,3,3,4,3,2,3,3,3,4,2
82,organic,3,1,3,2,3,2,2,1,1,2,4,3,2
83,conventional,5,5,5,4,5,4,5,5,5,5,5,5,5
84,conventional,1,3,4,3,1,1,2,2,2,3,1,3,1
85,conservation,2,2,1,1,5,2,5,2,3,2,4,5,2
86,conservation,4,2,4,3,5,2,4,4,4,3,5,3,4
87,conservation,3,4,2,4,3,1,3,4,4,2,1,1,5
88,conventional,4,3,2,3,2,1,1,1,1,2,3,4,3
89,conventional,5,4,1,4,4,3,2,5,5,5,5,5,4
90,conservation,4,5,4,3,5,5,5,5,5,5,5,5,5
91,conservation,5,4,5,5,3,3,3,4,3,5,5,5,5
92,conventional,5,5,5,5,4,5,5,5,4,3,5,5,5
93,conservation,5,5,4,5,5,4,4,5,3,4,3,3,5
94,conventional,4,4,5,3,5,5,4,5,4,5,1,3,1
95,conservation,1,1,4,2,2,4,2,3,4,4,1,2,1
96,conventional,5,5,5,5,5,5,5,5,5,5,5,5,5
97,conventional,2,3,3,5,5,4,3,2,2,2,1,1,3
98,conservation,3,3,2,4,1,2,1,1,1,1,1,2,1
99,conventional,5,3,5,2,1,1,2,4,5,3,2,3,3
100,organic,2,1,1,1,1,2,1,1,1,1,1,1,1
101,conventional,5,4,4,5,4,4,5,5,5,5,4,4,4
102,organic,4,5,4,5,4,4,1,4,2,4,3,4,4
103,conservation,3,4,3,4,1,2,1,5,5,4,5,4,5
104,conventional,3,1,1,1,3,4,2,1,3,2,2,2,1
105,conventional,4,5,5,5,1,2,1,3,5,5,4,3,2
106,organic,2,2,1,4,4,4,2,1,3,4,2,3,4
107,conservation,1,1,2,2,1,1,1,1,1,1,2,2,1
108,organic,2,5,1,2,2,3,2,2,1,1,1,1,2
109,conservation,2,2,2,3,3,5,4,3,3,3,1,1,2
110,organic,4,1,1,1,3,4,3,1,2,4,1,4,3
111,conservation,2,4,3,1,3,1,2,3,1,2,4,4,5
112,conservation,1,1,1,1,1,1,1,1,2,1,2,1,4
113,organic,4,2,3,3,1,3,2,3,4,4,4,5,4
114,organic,2,5,3,2,3,1,2,5,4,4,5,5,5
115,conservation,3,2,1,1,3,3,4,1,1,1,3,2,2
116,conservation,3,2,3,3,4,3,4,5,2,5,2,4,4
117,conventional,1,1,3,2,4,1,2,1,2,3,1,2,2
118,conventional,4,3,5,5,3,1,2,4,5,4,2,3,1
119,conventional,4,3,3,5,2,3,2,5,2,3,5,3,4
120,organic,5,4,3,5,5,4,5,5,5,5,5,5,5
121,conventional,4,5,5,5,4,2,4,5,5,5,5,5,4
122,conservation,5,4,5,5,2,4,3,4,5,5,3,4,4
123,conventional,1,1,2,1,1,1,2,1,1,3,3,3,3
124,conservation,5,5,3,4,2,2,2,3,4,2,3,4,5
125,conventional,3,2,2,3,1,2,2,3,2,1,1,1,1
126,conservation,3,4,3,4,1,3,3,3,3,1,4,2,2
127,conservation,2,2,5,4,5,1,1,1,2,1,2,5,2
128,conventional,5,4,5,2,1,1,2,3,4,4,5,4,3
129,conservation,3,5,1,4,4,3,2,1,1,1,1,1,1
130,conservation,1,2,4,2,5,5,5,3,3,4,2,2,1
131,conservation,5,5,4,3,5,4,5,5,5,4,5,4,4
132,organic,4,1,5,4,3,5,4,2,3,2,3,3,2
133,conventional,1,2,1,1,3,2,5,3,3,4,4,3,2
134,conservation,3,1,2,2,5,5,5,5,5,5,2,1,5
135,conservation,3,3,4,5,2,3,2,2,2,1,4,5,4
136,conservation,2,3,5,2,3,3,2,2,3,1,2,5,1
137,organic,5,2,2,3,5,5,5,4,4,3,4,5,5
138,organic,3,2,3,1,2,3,2,2,1,3,2,4,1
139,conventional,4,3,3,2,5,5,1,2,3,4,4,3,2
140,organic,1,2,1,3,1,2,4,1,2,1,1,1,2
141,conservation,2,2,2,3,1,1,2,3,2,2,5,4,4
142,conventional,4,3,3,2,1,1,1,2,3,1,4,3,3
143,conventional,2,4,3,2,3,4,2,2,1,4,3,5,4
144,conservation,4,5,5,3,5,5,5,4,4,2,5,4,5
145,conventional,2,4,4,4,3,3,5,4,2,4,4,3,3
146,organic,2,4,3,3,2,3,1,1,1,2,3,2,1
147,conservation,4,5,5,5,5,4,4,5,2,5,5,5,5
148,conservation,3,2,2,4,3,1,4,5,4,4,3,4,3
149,conservation,5,2,3,3,4,2,4,5,4,5,3,1,1
150,conservation,2,2,5,2,1,2,1,1,4,2,3,3,2
151,conservation,4,4,1,2,2,2,2,4,3,2,4,4,4
152,conservation,3,3,3,3,4,3,3,5,4,4,2,1,2
153,conventional,4,2,1,5,4,5,4,4,4,3,4,2,2
154,conventional,3,3,4,4,4,5,5,4,4,4,3,2,5
155,conservation,3,1,4,4,1,1,1,3,4,2,1,4,3
156,conventional,1,1,2,1,1,2,1,1,2,1,2,1,5
157,conventional,2,2,2,2,4,2,4,3,4,1,4,2,2
158,organic,1,1,1,1,1,1,1,1,2,3,2,2,2
159,conservation,5,5,5,4,2,2,1,4,4,4,5,5,5
160,conservation,3,4,2,2,5,4,4,5,4,5,4,5,5
161,conventional,5,5,5,5,5,5,5,3,4,4,5,3,2
162,conventional,3,3,4,3,1,1,1,2,1,1,3,4,1
163,conventional,2,2,3,3,2,3,3,2,1,1,3,4,5
164,conservation,5,4,5,1,3,4,3,4,3,3,5,5,5
165,conventional,2,1,3,1,5,5,4,5,5,5,5,4,5
166,conventional,3,2,1,4,5,5,5,1,1,1,3,2,4
167,conventional,1,3,2,1,4,4,4,5,4,3,4,3,5
168,conservation,1,2,3,1,2,1,1,2,3,2,2,5,4
169,organic,3,4,3,5,4,3,2,3,2,4,2,5,2
170,conventional,5,5,5,3,3,1,1,4,4,3,3,1,3
171,organic,5,5,5,5,2,5,4,2,3,4,5,5,4
172,conservation,3,5,5,5,1,1,1,4,5,5,5,4,4
173,conservation,4,3,5,3,5,5,3,4,2,3,3,2,3
174,organic,2,4,2,4,2,1,1,1,1,2,1,1,1
175,conventional,2,3,3,4,1,1,2,4,5,5,2,1,2
176,conservation,5,5,4,5,5,5,5,5,5,5,5,5,5
177,conventional,3,5,5,5,4,4,2,2,1,3,2,1,2
178,organic,1,1,1,1,4,3,5,3,4,3,3,2,4
179,organic,1,1,1,1,4,3,5,5,3,5,5,2,3
180,conventional,1,3,4,1,3,5,4,1,1,1,1,1,1
181,conservation,3,3,1,1,3,3,5,3,3,2,2,1,1
182,conservation,4,4,3,3,4,4,4,4,3,4,3,4,3
183,conservation,2,2,1,2,4,4,4,1,3,1,1,2,1
184,conventional,3,2,2,2,5,2,3,1,1,1,2,2,1
185,conservation,1,1,2,3,2,3,3,1,1,3,1,2,1
186,conventional,4,4,4,4,5,5,5,5,5,5,5,5,4
187,conventional,2,4,3,5,3,4,4,3,5,3,5,4,4
188,conservation,3,3,3,2,4,5,5,4,4,4,1,2,3
189,organic,3,3,2,5,4,3,3,3,5,3,2,2,3
190,conservation,4,2,2,2,1,1,4,1,2,2,2,3,2
191,conventional,1,3,2,2,1,1,2,1,3,2,2,3,2
192,conventional,3,4,1,1,3,3,3,2,2,2,1,1,1
193,conservation,2,2,3,3,4,1,3,4,4,5,2,2,2
194,conservation,2,1,1,1,2,5,5,1,1,1,3,4,3
195,conservation,5,5,3,5,3,5,4,4,5,4,4,4,5
196,conventional,5,2,4,4,5,5,5,2,2,1,2,4,2
197,conservation,4,4,3,2,4,3,4,4,5,2,2,2,4
198,conservation,2,4,2,5,2,2,1,1,1,1,3,4,4
199,conventional,5,4,4,5,2,2,2,2,3,5,3,1,3
200,conventional,3,3,2,4,3,3,2,4,3,4,5,5,5
201,conservation,4,2,4,2,1,2,3,2,3,1,1,1,1
202,conventional,4,2,3,5,4,5,4,3,4,3,5,4,3
203,conservation,1,2,1,2,3,2,2,5,3,2,4,4,4
204,organic,1,1,1,3,4,2,4,5,5,4,5,4,4
205,conventional,2,2,3,3,2,1,1,3,3,3,2,2,5
206,organic,3,2,3,3,2,2,1,2,2,4,2,1,2
207,conventional,2,1,1,1,3,3,3,4,1,3,4,1,3
208,organic,3,5,3,3,5,3,5,4,3,5,4,4,2
209,conservation,5,2,5,3,4,2,3,4,3,5,3,2,2
210,conventional,2,2,2,2,4,2,3,3,2,1,1,1,1
211,organic,5,4,4,5,3,4,4,3,3,2,4,1,4
212,organic,5,5,5,5,3,2,3,2,3,2,4,5,5
213,conventional,1,2,2,3,3,5,3,2,4,1,1,3,1
214,organic,3,1,1,3,1,2,1,4,5,5,4,4,4
215,conservation,5,5,4,4,5,5,5,4,4,3,3,3,4
216,conservation,5,4,5,3,4,5,3,5,5,5,5,4,5
217,conventional,3,5,3,5,2,4,2,5,5,5,5,5,5
218,conventional,4,5,4,4,4,4,3,4,4,4,4,5,4
219,organic,1,1,1,1,2,5,4,3,5,3,4,3,3
220,conservation,4,3,4,2,2,3,3,4,4,5,4,4,1
221,conventional,5,5,4,5,4,4,3,5,3,5,4,3,2
222,conventional,5,4,5,5,3,3,3,4,4,4,5,5,5
223,organic,1,1,3,2,3,4,2,3,3,3,4,3,5
224,conventional,1,1,1,2,1,3,1,3,3,4,3,2,3
225,conventional,5,2,4,2,4,4,3,4,5,2,3,2,3
226,conventional,5,1,2,4,3,4,2,1,1,1,2,3,4
227,conventional,4,5,4,1,3,4,3,3,3,2,1,1,3
228,organic,3,2,2,4,5,4,5,5,5,5,5,5,5
229,conservation,4,2,3,2,2,1,1,2,1,1,2,2,2
230,conventional,1,1,2,2,1,1,1,1,1,2,2,3,2
231,conventional,2,2,4,4,3,4,3,3,2,2,3,4,3
232,conventional,5,4,3,2,2,5,5,2,5,4,2,4,1
233,conservation,4,4,2,3,4,3,4,3,4,2,2,2,2
234,conservation,5,5,4,4,4,2,5,5,5,5,5,5,5
235,conservation,3,3,3,4,1,2,2,2,1,1,2,5,2
236,conservation,5,5,5,5,4,5,5,5,5,4,2,2,4
237,conventional,5,5,5,5,4,2,3,2,1,3,2,3,4
238,organic,2,1,3,3,4,4,2,4,4,5,3,4,5
239,conservation,2,2,2,3,1,2,1,3,2,2,3,2,3
240,conventional,4,4,2,3,3,3,2,2,1,2,1,5,2
241,conventional,3,2,3,4,3,3,2,3,2,5,1,1,3
242,organic,5,5,5,4,5,3,5,5,3,4,5,5,5
243,conservation,1,1,2,2,2,3,2,2,4,2,2,4,4
244,conventional,4,3,4,5,4,4,4,3,2,3,3,1,2
245,organic,4,4,2,4,1,1,3,1,1,1,1,1,1
246,organic,1,1,2,2,1,1,1,1,1,1,1,1,1
247,conventional,2,2,1,4,4,4,4,3,5,1,3,4,3
248,conservation,4,3,2,5,1,4,1,4,4,3,3,2,1
249,conservation,3,5,5,3,5,5,5,5,5,5,5,5,5
250,conservation,5,5,5,4,5,5,5,5,5,5,5,5,4
251,conventional,2,3,4,1,3,3,5,5,5,3,5,4,5
252,conservation,2,3,2,2,1,1,3,4,4,5,3,4,3
253,conventional,1,1,1,1,1,1,1,1,1,1,1,1,1
254,conservation,1,1,2,1,3,2,2,3,3,5,3,3,2
255,organic,2,3,2,2,1,1,4,2,4,1,2,2,3
256,conventional,3,1,1,3,1,1,1,1,1,1,1,2,3
257,conventional,1,2,1,1,4,3,3,2,2,2,3,2,3
258,conventional,1,1,3,3,3,3,2,2,3,2,1,1,1
259,organic,4,5,5,3,3,4,3,1,2,3,2,2,2
260,organic,2,3,3,3,2,1,4,2,3,3,2,2,3
261,conservation,4,2,2,4,4,3,4,4,3,4,3,4,1
262,conventional,5,5,5,4,2,4,4,5,5,5,5,5,4
263,conventional,1,1,1,2,1,3,4,1,2,4,1,3,2
264,conventional,4,3,5,2,5,4,3,5,4,5,5,5,5
265,organic,1,2,2,4,2,1,2,2,2,5,2,3,2
266,organic,1,3,1,1,5,3,3,1,1,1,1,1,3
267,conservation,5,4,5,3,4,5,3,4,3,3,4,4,5
268,conventional,4,3,4,3,5,5,4,2,3,4,5,4,2
269,organic,4,2,1,2,2,1,1,1,2,3,2,2,1
270,conservation,4,5,5,3,4,3,2,4,5,5,4,5,2
271,conservation,2,3,2,4,1,1,1,1,1,1,1,2,2
272,conventional,3,3,2,1,2,1,4,1,1,1,1,1,1
273,conservation,5,4,4,4,4,2,5,4,5,5,5,5,5
274,organic,4,4,5,5,5,5,5,5,4,4,3,3,4
275,conventional,1,1,1,2,4,2,1,2,2,2,2,1,2
276,conventional,3,3,2,1,5,5,5,5,3,4,4,5,4
277,organic,2,3,1,1,4,4,1,1,1,1,2,2,1
278,conventional,1,1,1,1,1,1,1,3,1,3,1,2,2
279,organic,5,3,5,3,3,4,4,2,3,3,4,4,5
280,organic,5,5,5,5,5,5,5,5,5,5,5,5,5
281,organic,3,5,4,5,2,3,1,1,1,1,1,1,1
282,organic,3,3,4,5,5,5,5,4,4,3,4,5,3
283,conventional,5,5,5,5,4,4,5,2,1,5,4,1,5
284,conservation,1,3,1,1,2,3,4,2,3,2,2,3,1
285,conservation,3,3,4,2,3,4,2,3,5,2,2,1,2
286,organic,5,5,5,5,2,1,3,5,5,5,5,5,4
287,organic,5,5,5,4,4,5,5,5,5,5,4,5,5
288,conventional,5,5,5,2,3,2,3,4,4,5,4,5,5
289,conventional,2,1,1,1,3,2,2,3,2,1,1,2,3
290,conventional,1,1,1,1,5,5,4,2,2,1,3,4,5
291,conventional,4,4,2,5,2,3,2,2,3,3,2,1,1
292,conventional,3,4,1,4,3,3,3,3,4,2,3,2,2
293,conservation,4,3,3,1,2,1,2,3,2,3,2,2,3
294,conventional,2,2,2,2,2,5,5,4,4,4,4,4,4
295,conventional,1,1,1,1,1,1,4,1,2,2,1,1,2
296,conventional,1,2,3,3,2,1,1,2,2,2,5,5,5
297,conservation,1,1,2,3,1,1,1,1,2,1,2,1,3
298,organic,1,1,4,1,2,3,1,3,2,2,2,3,3
299,organic,3,4,5,5,5,4,4,5,3,5,3,2,3
300,conventional,5,5,4,4,5,5,5,5,5,5,4,3,5
301,conventional,3,2,1,1,4,3,2,3,2,3,4,3,2
302,organic,2,2,2,2,2,5,3,2,2,3,3,1,2
303,conservation,1,3,4,3,4,5,5,5,3,4,5,5,4
304,conservation,4,3,3,1,1,2,1,2,2,2,4,2,3
305,conventional,4,3,4,4,1,2,1,1,1,1,4,3,3
306,conventional,4,3,4,4,1,2,3,5,5,5,5,5,5
307,conservation,1,4,2,4,4,4,4,2,2,2,2,2,3
308,conventional,3,4,5,3,3,1,3,5,5,4,2,3,3
309,organic,2,1,2,3,1,2,2,3,2,1,1,1,1
310,organic,5,3,2,4,4,3,4,3,2,2,4,3,3
311,organic,4,5,4,3,3,4,2,4,3,4,3,2,4
312,conventional,2,1,2,2,2,1,2,3,2,1,4,3,5
313,conventional,1,2,1,1,1,1,2,1,1,1,1,1,1
314,conservation,1,2,2,1,1,1,1,1,2,2,1,1,1
315,conservation,1,1,1,1,3,3,3,2,3,5,2,3,1
316,organic,5,4,2,4,4,4,4,4,4,3,3,2,3
317,organic,1,1,1,1,1,2,3,1,3,1,1,2,1
318,organic,4,4,3,5,3,3,2,5,4,4,5,5,4
319,organic,2,4,4,1,5,5,5,5,5,5,4,3,3
320,conservation,2,4,4,2,5,4,5,3,3,3,3,4,3
321,conservation,1,1,3,1,2,2,3,4,4,4,2,2,2
322,conventional,1,2,1,1,2,1,3,1,1,1,1,4,1
323,conventional,2,3,1,1,1,2,1,1,1,1,2,2,1
324,conservation,5,4,3,5,1,1,1,1,1,1,3,5,3
325,conventional,5,5,4,5,3,2,5,5,4,3,5,5,4
326,conservation,2,2,2,1,2,3,2,1,1,1,1,2,1
327,organic,4,4,5,4,4,2,2,5,5,5,4,3,4
328,conservation,4,4,4,4,1,4,3,2,1,1,4,4,5
329,conventional,5,5,5,5,5,5,5,5,4,4,5,5,5
330,conservation,5,5,5,5,1,1,3,5,5,4,5,4,4
331,conservation,3,3,2,3,5,1,2,4,4,4,3,4,2
332,conventional,2,3,2,5,2,4,1,2,2,1,2,1,1
333,conventional,1,1,1,1,2,1,3,1,1,1,1,1,1
334,conventional,1,1,1,2,5,5,5,3,3,3,1,1,3
335,conservation,1,1,3,2,2,5,4,4,4,2,2,1,3
336,conventional,1,1,1,1,2,3,1,3,4,4,2,2,2
337,conventional,4,1,3,1,3,5,3,4,4,1,3,4,1
338,organic,3,2,5,5,2,2,1,2,3,4,4,4,4
339,conventional,2,3,3,3,1,2,4,2,2,3,3,3,1
340,conservation,1,1,1,1,1,1,2,2,1,2,1,1,1
341,conservation,4,3,3,3,2,4,4,3,4,1,4,3,2
342,conservation,3,3,5,4,4,4,3,2,4,3,4,4,4
343,conventional,2,1,2,1,5,4,5,5,4,5,5,3,1
344,conventional,5,4,4,4,5,4,2,5,5,4,4,4,5
345,conventional,3,3,3,4,3,2,5,4,2,4,3,2,3
346,conservation,3,4,1,1,1,3,1,1,1,2,1,2,1
347,conservation,4,3,5,4,4,5,5,5,5,5,5,5,5
348,conventional,1,1,3,2,2,1,3,2,1,1,1,1,3
349,conservation,5,5,5,5,4,5,4,4,2,4,5,4,5
350,conservation,2,5,3,3,4,5,4,5,2,5,4,5,4
351,conventional,3,3,3,1,2,2,2,1,2,4,1,1,2
352,conservation,5,5,5,5,1,4,4,5,5,5,5,4,4
353,conservation,4,5,4,5,5,2,2,3,3,5,4,4,3
354,conservation,3,4,5,5,3,2,2,3,1,3,5,3,3
355,conventional,1,1,1,1,1,2,4,1,2,2,1,1,1
356,conventional,1,2,1,3,1,1,2,1,1,3,3,3,4
357,conventional,5,3,1,2,5,3,5,3,2,4,2,1,3
358,conventional,2,4,2,3,1,3,3,2,3,2,3,2,2
359,conventional,3,4,4,1,5,4,4,4,4,4,3,2,4
360,conservation,5,4,4,5,4,5,5,3,5,5,5,5,5
361,organic,5,5,5,4,4,4,5,5,5,5,4,4,2
362,conservation,5,4,5,5,2,3,5,4,4,5,5,5,3
363,conventional,4,5,4,5,3,4,3,4,4,4,2,2,2
364,conservation,1,2,2,1,4,5,3,4,5,3,4,3,4
365,organic,5,4,4,2,3,5,2,4,5,4,3,3,1
366,organic,4,2,3,5,3,4,5,4,5,5,5,4,2
367,organic,2,4,4,2,3,3,3,3,2,1,3,3,3
368,organic,2,3,3,4,3,2,2,4,4,1,3,3,4
369,conventional,3,2,3,4,2,4,4,3,1,3,3,3,4
370,conventional,4,4,2,4,5,5,4,3,3,2,3,3,4
371,conservation,4,3,5,3,2,4,1,1,1,2,1,2,1
372,conservation,2,1,1,3,1,2,1,1,2,3,3,3,4
373,conservation,3,3,2,1,1,1,2,4,1,2,2,3,3
374,organic,2,1,2,4,2,1,2,3,3,2,5,5,5
375,organic,4,2,5,2,4,4,3,2,2,5,1,1,1
376,organic,4,4,5,5,2,2,5,2,4,3,5,5,4
377,organic,1,2,1,4,5,3,4,1,1,2,1,1,2
378,conservation,2,3,1,1,3,2,1,1,1,2,1,1,3
379,conventional,2,2,3,2,5,4,5,2,3,3,3,3,2
380,conservation,2,3,4,2,4,1,5,4,4,4,4,5,5
