id,region,farm_size_ha,irrigation,dr1,dr2,dr3,pu1,pu2,pu3,ease1,ease2,ease3,intent1,intent2,intent3,use1,use2,use3
1,Brejo,13.9,none,3,2,5,4,3,4,4,5,6,1,3,3,1,3,3
2,Sertao,59.9,full,7,3,5,3,3,4,2,4,5,4,5,5,7,6,7
3,Brejo,82.5,supplemental,7,7,6,5,3,4,4,3,6,2,4,1,2,2,3
4,Agreste,34.6,none,1,1,5,2,1,1,1,1,1,4,5,3,2,1,2
5,Sertao,51.2,full,5,7,7,5,5,7,6,6,7,6,5,3,7,6,3
6,Agreste,46.7,supplemental,4,3,5,1,2,1,7,6,7,2,3,2,2,1,2
7,Agreste,13.8,none,3,3,5,3,7,6,7,7,6,7,6,7,5,6,2
8,Brejo,175.0,none,3,3,3,4,3,4,2,4,4,4,2,3,2,4,3
9,Sertao,20.6,none,3,4,2,1,3,2,3,2,2,3,1,2,3,1,4
10,Agreste,117.8,none,7,6,6,7,4,5,5,1,6,4,5,6,6,6,4
11,Brejo,46.4,supplemental,6,2,4,5,5,6,3,6,4,5,7,6,4,3,3
12,Sertao,126.7,none,4,7,5,4,5,3,5,4,4,5,4,5,7,2,5
13,Agreste,31.2,supplemental,7,5,6,7,7,7,4,5,5,5,5,5,5,7,5
14,Agreste,49.5,full,6,4,4,5,5,7,6,6,4,2,4,2,5,7,4
15,Brejo,109.9,full,6,4,2,2,3,1,4,4,1,1,1,1,3,4,4
16,Brejo,17.2,none,3,2,3,6,6,4,2,3,5,6,5,6,7,5,4
17,Sertao,55.4,supplemental,6,7,5,7,4,7,7,7,7,4,4,3,3,5,5
18,Brejo,95.8,none,2,3,1,1,2,3,4,2,6,2,2,2,3,2,6
19,Brejo,46.8,none,7,5,7,7,6,6,5,4,2,2,3,4,1,1,2
20,Sertao,133.1,supplemental,5,2,4,7,5,6,2,3,3,5,2,3,2,1,3
21,Sertao,29.8,none,1,1,1,1,3,1,2,2,2,1,2,4,3,1,2
22,Sertao,17.7,supplemental,1,2,1,4,1,1,6,7,5,2,5,3,6,5,6
23,Sertao,19.8,none,4,5,4,4,6,3,7,7,7,5,4,6,1,2,1
24,Agreste,8.0,none,6,3,4,2,6,4,3,3,2,4,6,7,7,7,7
25,Sertao,14.7,none,1,1,1,1,2,1,2,5,5,1,3,1,5,5,3
26,Sertao,67.5,none,1,1,1,1,3,2,5,3,2,1,3,2,2,4,1
27,Agreste,89.2,supplemental,2,3,1,3,5,2,2,4,2,1,1,1,1,1,1
28,Agreste,80.1,full,5,4,4,7,7,7,6,2,3,2,3,1,5,4,5
29,Agreste,72.1,none,1,1,2,1,3,4,1,2,3,5,7,5,3,7,3
30,Sertao,106.3,full,3,3,7,1,2,1,1,4,1,2,3,5,1,2,2
31,Sertao,66.3,supplemental,1,1,1,1,1,1,3,5,1,1,1,2,1,1,2
32,Brejo,31.0,supplemental,3,1,3,4,2,2,3,3,2,1,3,2,6,6,3
33,Brejo,37.5,none,4,2,6,3,3,3,1,3,2,3,5,2,4,3,2
34,Agreste,13.7,full,5,1,5,2,2,2,5,7,4,2,1,3,2,1,5
35,Sertao,83.9,supplemental,1,1,1,1,1,2,2,1,1,1,1,1,1,1,1
36,Sertao,27.3,none,4,4,5,3,2,3,5,4,1,4,2,1,1,1,5
37,Brejo,28.1,full,4,4,4,1,1,4,2,1,4,3,4,3,4,7,6
38,Sertao,108.8,none,4,2,2,5,5,6,1,2,2,5,4,6,2,1,1
39,Sertao,121.5,none,3,2,1,2,3,7,6,5,7,2,2,5,1,1,1
40,Brejo,21.9,none,2,2,4,4,4,5,7,6,4,7,5,7,4,7,7
41,Brejo,69.5,none,7,6,5,5,7,5,7,6,6,7,7,7,7,7,7
42,Sertao,53.0,supplemental,3,6,4,1,1,1,1,1,1,1,1,1,5,3,5
43,Sertao,428.6,supplemental,6,6,7,4,2,4,4,5,3,5,6,5,3,2,3
44,Agreste,87.3,supplemental,4,6,6,7,7,6,7,7,7,6,7,6,7,7,7
45,Sertao,99.2,full,6,7,6,2,4,3,6,6,5,4,4,7,6,4,4
46,Agreste,27.4,none,5,7,7,7,7,7,6,6,2,7,4,7,7,6,6
47,Agreste,57.9,none,4,2,3,7,6,7,3,2,3,4,4,5,1,4,2
48,Brejo,25.8,none,5,7,6,6,3,1,1,1,3,4,2,5,4,6,3
49,Agreste,66.5,none,4,6,1,7,7,3,3,5,3,6,3,6,4,4,6
50,Agreste,44.7,full,3,4,1,5,3,5,1,1,2,3,3,2,3,6,2
51,Sertao,106.5,none,2,1,1,1,2,3,4,3,3,4,1,2,6,4,4
52,Agreste,25.5,supplemental,3,6,5,4,3,6,2,3,4,6,4,4,3,5,5
53,Brejo,15.5,full,6,5,7,3,2,2,3,3,4,1,1,1,6,4,4
54,Agreste,9.4,none,1,3,2,2,1,3,1,1,1,1,1,1,1,1,1
55,Brejo,66.8,supplemental,3,4,1,5,6,3,2,1,3,4,5,4,3,5,5
56,Agreste,26.9,none,1,2,2,1,2,5,5,1,3,2,3,3,6,3,7
57,Agreste,28.5,none,1,3,2,1,1,2,1,2,5,4,6,4,5,2,5
58,Brejo,105.3,supplemental,1,3,1,2,2,1,4,4,2,2,1,2,5,3,6
59,Agreste,19.7,supplemental,2,3,3,5,6,7,3,2,4,6,5,5,3,4,6
60,Sertao,91.0,full,2,4,2,1,1,4,1,6,3,2,1,1,2,3,1
61,Sertao,14.7,none,6,5,3,4,5,5,4,1,4,3,2,1,5,3,3
62,Agreste,125.4,supplemental,6,4,5,7,7,6,7,7,7,5,7,6,6,6,1
63,Sertao,39.4,none,4,4,4,4,5,1,6,4,3,3,5,3,5,5,5
64,Sertao,76.8,supplemental,3,1,2,2,4,1,1,1,1,1,1,2,1,5,2
65,Agreste,17.5,none,7,6,7,2,4,2,6,6,5,5,4,4,6,6,2
66,Agreste,63.6,supplemental,6,6,7,7,7,5,4,3,3,6,6,7,7,4,5
67,Agreste,55.3,none,4,3,5,5,5,4,5,4,5,7,7,6,6,4,7
68,Sertao,15.2,supplemental,5,5,5,6,5,6,5,2,5,6,7,6,6,7,7
69,Agreste,17.6,full,5,4,4,5,5,4,7,7,7,5,4,6,7,5,7
70,Brejo,8.4,supplemental,4,4,7,6,7,7,4,5,3,6,5,7,6,7,6
71,Agreste,90.2,none,2,4,3,3,4,3,4,2,5,6,5,6,4,2,7
72,Agreste,22.7,full,2,5,3,3,5,3,4,3,3,7,7,4,7,7,4
73,Brejo,61.7,none,7,7,4,6,6,5,5,6,6,2,3,1,1,4,2
74,Sertao,100.2,full,1,1,2,1,2,2,1,1,1,1,1,1,2,5,2
75,Brejo,36.2,supplemental,6,3,4,2,2,1,6,5,3,3,4,4,2,4,3
76,Agreste,318.6,none,4,4,5,5,4,5,5,7,3,4,5,3,4,4,5
77,Brejo,42.2,supplemental,3,2,2,5,5,3,1,2,2,3,4,2,2,1,1
78,Brejo,55.1,none,2,2,6,3,6,4,1,3,2,3,3,3,2,2,1
79,Sertao,23.3,supplemental,2,1,2,2,3,6,1,1,1,2,3,1,3,2,5
80,Brejo,5.8,supplemental,7,7,6,5,7,7,5,3,6,6,5,5,7,7,7
81,Brejo,45.5,supplemental,6,7,4,7,4,3,4,6,6,4,7,6,7,7,6
82,Sertao,162.2,full,1,3,2,4,5,7,3,1,2,1,2,3,2,1,2
83,Sertao,21.3,supplemental,5,7,4,6,4,1,5,6,5,6,6,7,6,7,5
84,Agreste,26.8,supplemental,6,5,7,4,5,6,5,5,5,5,7,7,4,7,4
85,Brejo,44.7,none,5,7,5,4,2,1,7,6,7,6,4,4,2,5,1
86,Brejo,20.7,full,2,4,4,5,4,5,3,3,1,1,2,1,4,2,1
87,Agreste,18.9,full,6,2,4,4,4,1,5,4,4,1,2,1,2,4,4
88,Agreste,47.8,supplemental,3,4,4,5,3,2,4,3,3,3,5,5,3,3,7
89,Agreste,68.5,none,1,2,2,1,2,3,1,3,3,2,2,2,3,4,7
90,Brejo,181.0,full,4,6,1,6,6,4,6,3,3,5,3,2,2,4,3
91,Sertao,310.7,supplemental,4,1,2,2,3,2,2,1,3,3,2,2,4,2,5
92,Brejo,38.0,none,2,1,2,2,3,1,2,4,1,2,2,1,1,1,1
93,Brejo,32.6,none,5,3,3,4,1,2,6,7,6,3,2,2,4,3,5
94,Agreste,18.7,none,1,1,1,1,3,1,1,1,1,1,1,3,3,2,2
95,Sertao,73.5,supplemental,4,5,3,6,4,4,5,6,4,4,6,5,2,3,6
96,Sertao,137.5,full,3,4,4,6,7,6,6,3,6,4,6,4,3,3,4
97,Agreste,87.0,full,1,6,4,5,3,3,3,1,1,2,2,3,5,4,1
98,Brejo,34.2,full,1,1,3,2,4,4,7,3,4,5,4,5,3,4,2
99,Agreste,12.3,none,4,6,5,4,4,3,4,2,2,3,5,3,4,4,3
100,Agreste,112.4,supplemental,7,7,7,7,7,7,7,5,7,7,7,7,5,5,5
101,Agreste,22.9,full,6,7,7,7,7,6,7,7,7,7,6,6,5,7,5
102,Brejo,29.7,none,1,2,2,6,4,3,1,1,1,1,1,4,1,1,1
103,Sertao,37.5,none,2,3,1,5,4,3,2,1,3,1,1,3,1,1,2
104,Sertao,18.0,full,1,1,1,3,4,4,1,2,5,4,3,2,2,6,1
105,Sertao,22.8,full,6,4,3,4,4,4,7,4,5,5,7,6,2,3,6
106,Brejo,49.6,full,5,5,3,2,3,4,3,1,1,2,4,5,3,4,1
107,Sertao,51.4,none,2,3,3,4,2,4,4,4,2,2,3,2,1,1,1
108,Agreste,41.7,supplemental,3,5,3,3,4,3,6,2,3,3,3,4,4,4,1
109,Sertao,120.4,none,3,2,5,2,3,1,1,2,4,1,1,1,3,2,4
110,Sertao,93.8,none,4,5,4,5,5,3,2,1,2,3,4,1,4,4,3
111,Agreste,20.2,none,1,1,1,3,2,3,5,6,4,3,1,2,1,3,2
112,Sertao,65.1,full,6,5,4,7,6,6,7,7,6,6,6,7,5,4,2
113,Brejo,19.7,none,4,1,2,2,2,4,5,4,2,7,7,6,6,3,3
114,Agreste,136.2,supplemental,5,6,6,5,5,7,4,1,4,7,7,7,7,7,4
115,Sertao,42.4,full,6,3,4,2,2,1,1,2,1,1,1,1,1,1,1
116,Agreste,11.3,none,5,5,6,3,3,7,6,7,3,5,6,5,5,5,4
117,Brejo,146.4,none,3,1,3,6,2,2,3,4,5,7,5,6,6,5,3
118,Sertao,80.9,supplemental,2,3,2,4,3,7,6,6,5,4,6,7,6,6,6
119,Sertao,18.9,none,1,1,3,3,1,1,1,1,1,1,2,2,3,2,1
120,Agreste,64.7,none,7,7,7,6,5,6,7,7,7,6,6,6,6,7,7
121,Brejo,33.7,none,6,6,4,5,7,5,3,3,7,6,4,4,5,5,4
122,Sertao,16.8,supplemental,3,1,5,5,4,5,3,3,3,4,6,6,6,6,3
123,Brejo,90.6,none,6,7,7,7,7,7,7,5,6,7,7,7,7,6,7
124,Agreste,56.9,none,3,3,6,6,6,6,7,5,6,4,5,5,4,7,5
125,Sertao,50.3,full,2,2,5,2,1,3,2,5,2,2,1,2,2,1,2
126,Brejo,116.8,none,2,3,1,5,6,7,5,7,7,2,3,3,5,5,1
127,Sertao,35.9,none,4,4,3,3,6,3,5,3,6,1,3,1,1,1,3
128,Agreste,87.3,supplemental,5,4,5,5,6,5,6,5,6,4,2,5,4,5,1
129,Sertao,71.9,full,7,6,7,5,2,3,7,6,5,7,7,6,4,3,3
130,Sertao,9.9,none,6,6,6,5,7,5,6,7,7,7,7,7,5,3,6
131,Brejo,40.1,none,1,6,1,1,3,1,1,1,1,2,1,3,2,1,5
132,Sertao,43.8,none,6,6,3,3,3,3,4,5,5,6,5,6,6,6,2
133,Agreste,56.6,full,7,4,6,7,7,6,6,6,7,7,7,7,7,7,7
134,Agreste,39.5,supplemental,2,4,5,3,3,3,2,3,4,3,5,4,3,3,4
135,Brejo,94.2,none,4,6,6,3,4,1,2,2,3,3,4,6,3,7,6
136,Brejo,67.4,none,1,1,1,3,4,3,2,4,3,5,3,5,4,4,6
137,Sertao,123.6,full,6,7,7,7,7,5,6,7,5,6,7,7,7,7,6
138,Brejo,14.3,supplemental,2,5,2,4,5,7,4,1,3,5,6,7,4,6,3
139,Agreste,12.9,none,3,3,5,4,5,3,1,3,2,6,2,3,2,2,2
140,Sertao,58.4,none,1,1,3,1,1,1,5,4,5,4,3,4,4,4,4
141,Agreste,107.4,none,7,2,5,6,7,2,6,6,7,5,7,6,3,3,4
142,Agreste,24.0,supplemental,4,5,5,5,4,4,4,5,6,6,6,4,4,5,5
143,Sertao,110.1,none,3,1,4,6,6,5,2,7,5,4,2,5,5,6,4
144,Sertao,23.0,supplemental,7,6,7,4,6,6,7,6,4,6,6,6,5,7,7
145,Sertao,30.6,full,2,4,6,1,1,4,2,5,4,1,1,1,3,4,2
146,Agreste,21.2,supplemental,4,2,3,5,6,2,5,5,1,5,6,4,7,5,7
147,Agreste,64.4,none,2,1,1,1,1,2,2,5,2,1,1,1,1,1,1
148,Agreste,170.4,supplemental,2,1,3,1,1,1,1,1,1,1,1,1,1,3,2
149,Agreste,33.2,full,7,7,7,6,6,5,7,6,6,5,5,3,4,2,2
150,Sertao,254.7,none,5,3,4,5,4,2,7,5,5,5,3,2,7,5,6
151,Agreste,79.6,supplemental,2,2,2,3,1,3,5,3,3,3,1,1,1,1,5
152,Brejo,35.8,none,7,7,7,6,5,7,6,5,6,7,7,6,4,5,7
153,Brejo,69.5,supplemental,5,5,5,1,4,1,3,2,4,2,2,1,3,4,2
154,Brejo,33.1,none,3,1,1,1,1,2,4,4,4,7,5,4,3,2,2
155,Sertao,182.2,supplemental,4,3,4,3,1,2,3,2,1,4,7,6,7,6,6
156,Sertao,58.8,supplemental,5,6,5,1,1,4,1,3,2,5,3,4,3,2,1
157,Brejo,17.2,full,3,1,2,3,2,2,1,1,1,1,1,1,2,2,3
158,Sertao,125.7,supplemental,4,5,6,1,3,1,4,6,6,4,4,4,5,6,3
159,Sertao,29.6,none,4,1,3,6,4,2,2,1,1,3,2,4,2,3,1
160,Agreste,60.8,supplemental,3,2,1,3,1,4,3,4,5,2,2,2,1,1,1
161,Agreste,22.6,full,7,6,7,2,4,6,7,7,6,7,7,7,7,7,7
162,Brejo,35.1,none,3,1,2,2,1,2,2,3,3,1,1,1,1,2,1
163,Agreste,17.1,full,2,4,6,1,1,1,1,1,4,3,3,5,3,1,2
164,Brejo,193.1,supplemental,3,5,5,3,2,3,1,3,6,2,2,3,1,4,3
165,Brejo,133.8,full,5,2,7,4,2,1,1,1,2,4,2,4,2,4,2
166,Sertao,62.2,full,1,1,1,3,3,2,3,4,7,7,6,7,5,5,4
167,Agreste,39.5,supplemental,3,2,3,6,4,4,1,2,2,4,5,4,1,4,1
168,Brejo,14.8,none,2,4,2,3,6,5,4,4,7,3,3,4,6,4,6
169,Brejo,16.6,none,1,1,1,2,4,2,5,1,2,1,1,1,1,1,1
170,Agreste,24.0,full,6,3,6,2,1,1,1,4,3,3,1,1,3,6,6
171,Brejo,89.7,supplemental,5,6,6,5,3,5,6,5,4,3,5,5,6,5,6
172,Brejo,73.9,full,4,2,4,4,2,5,4,2,3,5,2,5,5,4,6
173,Sertao,44.0,supplemental,5,3,5,7,7,5,3,3,4,7,7,7,6,4,4
174,Agreste,67.5,none,5,4,6,1,2,4,1,1,1,2,1,3,7,4,4
175,Agreste,81.1,none,6,5,6,7,7,6,7,6,7,5,2,4,4,4,6
176,Agreste,24.4,none,5,6,6,7,7,7,4,2,4,6,4,7,4,7,4
177,Agreste,29.9,none,2,2,4,5,3,5,1,1,2,2,4,2,2,3,2
178,Brejo,83.7,none,7,7,7,7,5,7,7,7,7,7,4,7,7,7,6
179,Sertao,35.8,full,5,3,4,6,6,7,4,5,7,6,3,5,6,6,7
180,Sertao,49.9,none,3,3,3,7,2,3,4,7,5,5,6,4,5,6,6
181,Sertao,83.6,supplemental,6,6,6,7,7,6,7,5,6,3,6,5,7,6,6
182,Sertao,19.8,none,3,5,6,3,1,4,1,2,5,2,1,4,1,3,4
183,Agreste,24.7,supplemental,1,1,1,1,1,1,1,1,1,1,2,1,2,1,1
184,Sertao,18.0,full,6,7,7,7,7,6,6,5,5,6,5,6,5,7,7
185,Sertao,53.7,none,5,7,7,5,7,6,6,7,6,7,6,7,7,7,7
186,Brejo,137.3,full,6,5,7,6,6,6,6,7,4,6,5,4,7,4,7
187,Agreste,53.7,full,2,4,3,2,4,7,4,1,6,4,4,4,1,1,1
188,Brejo,27.1,full,4,5,5,7,7,5,7,4,7,6,5,6,6,6,6
189,Brejo,22.2,full,2,5,2,1,2,4,7,4,4,5,4,5,5,5,6
190,Agreste,36.1,supplemental,1,2,1,6,3,5,5,5,4,4,4,2,5,4,5
191,Agreste,34.8,supplemental,7,7,7,5,4,5,6,2,6,7,7,3,3,3,3
192,Sertao,33.7,full,2,5,3,4,4,2,3,4,5,2,2,3,4,6,3
193,Agreste,86.5,none,7,7,7,3,4,1,6,6,4,5,7,4,4,5,5
194,Brejo,18.4,none,2,2,3,4,7,5,4,5,6,5,7,6,6,5,7
195,Brejo,40.4,none,5,7,7,6,4,1,6,5,3,5,2,4,2,1,1
196,Brejo,23.6,full,1,2,2,2,3,1,3,4,3,5,4,7,2,3,2
197,Agreste,28.0,full,7,7,7,7,7,7,7,5,7,7,7,7,7,7,7
198,Agreste,20.7,none,6,6,3,4,4,2,7,7,5,5,3,7,7,7,7
199,Agreste,15.3,full,2,7,4,6,5,6,4,3,6,2,2,3,1,2,1
200,Brejo,23.2,none,7,7,5,7,6,7,6,7,7,7,7,6,6,6,6
201,Brejo,42.7,full,6,6,6,2,1,4,2,3,3,4,4,5,4,5,4
202,Agreste,158.2,none,3,6,7,3,3,4,2,3,7,1,4,2,2,5,4
203,Agreste,30.1,none,4,5,6,3,1,4,3,4,5,4,6,3,4,2,4
204,Agreste,32.7,none,3,3,3,3,1,2,5,5,1,2,1,2,2,1,1
205,Brejo,141.1,none,7,7,7,7,7,7,5,4,6,7,7,7,7,7,6
206,Agreste,30.4,none,4,3,6,5,7,6,5,6,6,5,5,5,1,2,1
207,Agreste,192.6,full,2,1,4,5,4,4,3,2,3,4,2,1,1,2,1
208,Agreste,77.4,supplemental,4,7,5,3,2,3,5,2,4,6,5,5,5,4,3
209,Agreste,10.9,supplemental,3,2,1,6,6,4,3,4,6,6,5,7,5,5,6
210,Agreste,126.0,full,7,5,7,6,6,7,7,7,4,7,7,7,7,7,6
211,Agreste,71.1,supplemental,3,5,6,2,1,2,2,2,4,4,2,6,3,4,6
212,Brejo,6.1,full,2,1,1,3,4,4,2,2,3,1,1,2,1,1,1
213,Brejo,50.6,full,3,4,3,2,1,1,3,2,2,1,2,3,2,3,4
214,Sertao,94.4,none,5,6,4,5,4,6,3,7,6,6,6,7,5,4,7
215,Agreste,215.5,none,5,6,6,6,4,5,7,6,6,5,6,6,4,3,5
216,Brejo,94.9,none,2,6,4,5,4,7,5,1,1,3,2,3,4,1,5
217,Brejo,116.1,full,3,4,2,6,7,5,4,3,3,6,7,6,3,3,1
218,Sertao,29.1,supplemental,2,6,2,5,5,5,5,5,5,6,6,4,3,5,5
219,Agreste,47.7,none,4,2,2,6,5,3,5,5,4,4,6,4,5,2,4
220,Brejo,19.6,full,6,4,5,2,1,3,7,7,7,4,3,4,2,2,1
221,Sertao,46.1,supplemental,4,4,2,6,2,5,1,3,1,3,2,4,6,1,5
222,Brejo,56.5,none,3,1,1,3,3,4,2,6,4,1,3,3,5,2,6
223,Sertao,47.6,supplemental,6,5,5,7,7,6,4,4,4,4,5,6,6,6,6
224,Brejo,117.9,full,7,6,7,7,5,2,6,6,6,7,7,7,7,7,7
225,Sertao,59.9,supplemental,2,1,6,3,3,1,3,5,1,1,1,2,1,1,1
226,Sertao,65.8,supplemental,7,6,7,7,4,5,7,6,6,4,6,6,7,5,5
227,Sertao,156.1,none,6,7,6,7,6,4,3,4,7,6,7,7,5,6,4
228,Sertao,58.8,supplemental,7,6,6,5,5,2,2,6,3,3,2,1,2,3,5
229,Brejo,20.6,supplemental,5,7,6,4,6,6,3,3,7,5,6,4,5,4,4
230,Brejo,80.0,supplemental,4,7,2,5,7,7,3,4,4,7,6,5,6,5,4
231,Agreste,13.4,none,5,1,3,2,3,3,1,5,2,6,7,2,5,4,2
232,Agreste,39.8,supplemental,5,3,3,6,7,6,4,1,7,7,6,6,6,7,6
233,Brejo,86.6,none,5,4,7,5,5,7,6,3,7,4,4,6,2,6,6
234,Sertao,100.2,full,1,4,1,4,3,6,5,2,4,2,5,4,3,3,2
235,Sertao,24.5,full,6,6,4,7,4,7,2,6,3,5,4,6,7,7,6
236,Agreste,50.6,supplemental,2,4,1,1,1,1,5,6,5,1,3,3,1,1,4
237,Brejo,21.8,none,5,2,3,4,7,6,5,3,5,4,5,4,6,5,6
238,Agreste,19.2,none,4,3,1,3,1,6,7,7,7,7,7,7,4,2,3
239,Brejo,28.0,none,5,2,6,5,6,6,3,6,2,5,5,5,4,5,4
240,Agreste,39.5,full,3,6,3,7,7,7,1,2,2,4,3,4,4,2,5
241,Brejo,83.0,supplemental,2,4,4,4,4,5,4,4,6,6,6,5,3,1,2
242,Sertao,49.9,none,5,4,5,4,6,7,7,7,7,5,7,3,6,6,6
243,Sertao,90.6,none,7,7,7,5,5,5,6,7,5,7,7,5,7,7,7
244,Sertao,59.7,none,5,3,3,5,4,6,3,5,5,3,2,2,2,3,5
245,Agreste,8.0,full,7,6,7,6,5,6,7,2,5,6,7,7,7,7,6
246,Sertao,23.3,supplemental,2,2,1,2,6,6,3,7,6,6,7,6,7,7,7
247,Brejo,65.0,full,3,4,2,2,4,1,1,2,1,3,2,3,6,6,2
248,Brejo,22.8,supplemental,3,3,3,5,6,5,5,5,3,3,4,5,6,6,5
249,Agreste,29.4,full,1,1,1,1,2,5,2,2,1,1,1,1,1,1,1
250,Brejo,83.0,supplemental,7,7,7,7,7,7,7,7,7,7,7,7,4,6,6
251,Sertao,81.5,supplemental,4,1,2,1,1,2,1,3,4,1,3,2,5,2,6
252,Agreste,73.2,none,1,5,3,2,2,5,5,7,5,7,5,6,7,7,7
253,Agreste,36.9,supplemental,5,5,4,7,6,4,6,4,4,5,4,2,3,3,2
254,Agreste,45.0,none,5,5,2,2,2,6,3,5,5,4,7,5,7,5,5
255,Brejo,36.4,none,3,4,2,4,5,5,6,7,5,3,4,1,3,5,7
256,Sertao,54.2,full,1,1,1,1,1,1,1,1,1,2,3,3,3,4,3
257,Sertao,67.8,supplemental,4,3,4,3,5,5,6,3,6,4,3,7,4,6,5
258,Agreste,16.9,supplemental,5,7,6,7,6,7,2,5,1,7,6,7,6,6,6
259,Agreste,6.4,supplemental,4,1,2,3,4,5,5,1,5,4,6,5,6,5,1
260,Sertao,120.0,supplemental,7,7,7,6,5,7,6,7,7,5,6,4,7,4,6
261,Agreste,67.3,none,5,5,6,7,6,6,6,6,4,7,5,6,5,5,2
262,Brejo,130.3,none,6,6,6,3,5,3,4,3,5,4,4,2,1,1,1
263,Brejo,25.6,none,1,1,3,2,2,4,6,3,5,2,7,5,5,1,6
264,Sertao,318.0,none,7,6,6,5,2,7,7,7,6,6,3,6,5,6,7
265,Agreste,43.8,none,6,5,2,7,6,6,1,4,2,3,3,5,4,3,2
266,Agreste,23.3,none,7,4,6,2,5,6,3,3,6,3,5,4,6,3,3
267,Agreste,49.6,none,1,1,1,1,2,3,3,5,4,2,1,1,4,2,6
268,Sertao,155.3,full,7,7,7,5,7,5,7,5,7,7,7,7,6,6,7
269,Brejo,27.9,none,6,1,3,7,5,6,4,6,5,6,5,5,4,6,6
270,Agreste,44.4,full,1,3,6,5,7,4,6,5,5,5,4,4,6,3,2
271,Sertao,183.0,full,7,5,7,6,3,7,7,6,7,7,7,4,7,5,2
272,Brejo,71.1,supplemental,6,7,2,7,7,7,5,4,3,7,6,5,7,6,7
273,Brejo,41.6,supplemental,7,7,7,4,6,4,7,7,7,7,6,6,4,5,6
274,Agreste,82.1,none,6,7,6,7,6,7,5,6,7,7,6,7,5,3,5
275,Agreste,30.1,supplemental,2,2,2,4,5,7,4,3,5,3,2,3,6,4,2
276,Agreste,21.0,supplemental,2,2,2,1,2,2,3,1,2,3,1,1,1,3,6
277,Brejo,28.3,none,3,2,3,5,7,3,4,1,3,3,5,5,7,7,7
278,Sertao,116.7,none,1,3,1,6,5,6,1,6,3,4,3,3,1,1,2
279,Agreste,18.7,full,7,4,3,3,2,2,3,4,1,3,1,5,2,3,3
280,Agreste,23.8,none,5,4,5,2,4,4,2,2,1,3,3,3,1,2,2
281,Agreste,56.8,supplemental,1,5,4,7,5,6,5,4,7,2,1,2,6,5,5
282,Agreste,17.7,full,6,6,6,2,3,6,1,4,3,2,2,3,3,4,4
283,Sertao,69.6,none,1,2,1,2,2,3,2,4,1,3,2,2,2,1,3
284,Sertao,32.5,full,2,4,4,5,6,5,7,7,6,6,5,6,5,4,5
285,Agreste,67.9,none,5,2,2,2,1,1,2,3,2,2,1,2,4,2,3
286,Sertao,13.6,none,1,1,2,4,2,4,3,2,2,4,2,1,6,3,4
287,Agreste,39.8,none,6,3,5,1,1,1,2,6,6,4,4,3,2,3,4
288,Brejo,31.2,supplemental,2,2,4,4,6,3,3,2,2,5,5,2,2,3,4
289,Sertao,26.5,full,1,1,2,3,4,4,5,5,6,4,7,6,5,5,7
290,Agreste,73.5,none,4,2,6,6,5,5,1,1,4,3,3,4,2,2,2
291,Brejo,128.4,full,4,5,2,2,3,5,4,5,7,5,5,2,1,2,3
292,Agreste,77.5,full,6,6,4,7,7,7,7,7,7,7,7,7,7,7,7
293,Brejo,49.9,full,4,2,1,2,1,1,2,2,2,2,2,2,2,2,3
294,Agreste,46.8,supplemental,7,6,7,5,4,2,7,7,7,5,7,6,4,6,7
295,Brejo,29.9,full,1,2,3,1,1,1,1,1,1,1,1,2,1,1,1
296,Brejo,58.9,none,6,5,4,2,2,1,2,3,6,2,2,1,2,2,3
297,Agreste,45.2,full,1,1,1,1,2,2,1,1,1,1,1,1,2,4,3
298,Brejo,95.7,none,3,5,5,5,5,5,5,6,4,5,6,5,6,6,6
299,Sertao,23.0,none,6,5,4,1,1,2,5,6,2,1,1,4,1,2,6
300,Sertao,29.7,none,4,4,5,4,2,3,6,7,3,6,6,7,7,7,5
301,Agreste,66.5,none,6,1,5,4,5,7,7,6,5,7,5,5,6,4,5
302,Brejo,14.0,none,7,7,7,4,6,1,4,5,6,6,7,6,7,7,5
303,Agreste,37.9,none,5,3,2,3,1,1,5,4,4,4,3,1,3,5,4
304,Sertao,73.2,supplemental,2,6,7,6,4,6,6,5,6,6,7,6,7,6,7
305,Sertao,49.9,supplemental,7,6,6,7,7,7,4,4,6,6,6,6,7,7,7
306,Agreste,24.8,none,2,5,5,1,1,1,3,1,2,1,1,1,1,1,1
307,Sertao,44.1,none,2,4,3,6,5,3,3,2,4,7,6,7,7,7,7
308,Agreste,71.0,none,6,6,3,4,2,2,6,6,7,5,4,2,4,5,5
309,Brejo,289.2,none,6,6,5,2,3,4,4,3,4,3,3,3,2,1,2
310,Brejo,47.2,supplemental,7,7,5,6,5,3,7,6,6,3,3,5,5,3,4
311,Brejo,19.7,none,7,5,6,4,3,6,3,2,3,5,4,4,3,2,3
312,Sertao,9.8,none,4,4,5,3,5,2,5,7,7,5,6,3,4,3,4
313,Brejo,189.1,none,5,3,3,5,6,7,5,3,2,2,3,2,3,4,4
314,Brejo,10.3,full,7,6,5,3,5,2,4,4,5,6,7,7,7,7,7
315,Brejo,52.8,supplemental,6,7,7,5,5,5,4,4,5,5,5,7,5,5,5
316,Sertao,45.6,none,4,6,6,5,3,2,2,5,2,6,5,3,2,1,5
317,Brejo,24.0,full,4,2,2,5,4,5,1,1,1,3,4,4,5,3,5
318,Agreste,43.5,supplemental,5,4,1,2,1,6,7,7,7,4,4,2,4,4,3
319,Sertao,26.9,supplemental,6,5,5,6,7,6,7,7,7,7,7,6,6,6,5
320,Agreste,16.4,full,4,3,3,1,1,1,2,1,1,3,6,2,3,3,5
321,Sertao,29.5,supplemental,7,7,5,6,5,5,7,7,7,5,4,4,5,6,4
322,Agreste,13.3,full,7,3,5,2,3,6,5,6,6,7,6,4,5,5,6
323,Agreste,44.9,supplemental,1,4,3,3,4,1,4,4,3,4,3,4,2,2,5
324,Brejo,33.2,supplemental,2,3,1,6,4,2,6,5,6,2,2,3,5,5,2
325,Brejo,86.0,none,7,7,7,6,6,4,6,7,7,5,3,3,4,5,4
326,Sertao,31.1,supplemental,3,5,1,6,7,3,5,3,5,3,5,7,6,6,6
327,Sertao,13.9,none,5,7,6,7,7,7,7,6,7,6,6,6,7,6,7
328,Sertao,85.9,supplemental,1,1,2,2,2,1,2,1,1,1,1,1,1,2,1
329,Agreste,26.1,supplemental,4,4,5,6,6,7,4,4,6,3,3,1,2,2,5
330,Sertao,47.7,supplemental,6,7,4,2,6,4,7,6,3,6,5,3,7,7,7
331,Brejo,15.4,supplemental,6,7,7,5,5,6,5,4,6,6,6,4,4,6,5
332,Agreste,102.6,supplemental,1,1,1,3,5,2,2,4,2,1,1,1,1,1,3
333,Agreste,68.5,none,6,3,4,6,5,4,6,4,3,7,7,5,7,5,6
334,Agreste,66.7,supplemental,2,1,1,2,3,5,5,7,7,6,3,5,5,7,5
335,Sertao,41.9,none,5,5,5,3,1,4,5,7,2,6,6,7,7,7,7
336,Sertao,101.7,supplemental,3,3,3,1,1,1,5,4,3,1,1,1,2,3,1
337,Brejo,57.2,none,4,7,6,2,1,2,3,3,1,2,2,3,2,6,2
338,Brejo,24.9,full,2,4,1,1,3,1,2,2,1,2,1,3,6,4,2
339,Sertao,95.6,supplemental,7,6,7,7,7,7,5,7,5,7,6,6,2,4,3
340,Sertao,87.5,full,4,6,5,6,6,6,3,1,1,5,3,2,5,3,3
341,Brejo,80.8,none,1,3,1,4,4,2,3,4,4,6,5,6,5,7,7
342,Brejo,32.1,none,1,2,1,4,1,3,2,2,1,1,2,2,1,3,1
343,Agreste,54.6,none,4,2,2,2,2,1,2,2,1,5,5,2,3,3,5
344,Agreste,50.9,none,7,6,4,2,1,2,2,5,5,3,3,4,2,2,3
345,Brejo,66.2,supplemental,2,2,2,4,2,3,6,4,6,5,2,6,4,6,5
346,Agreste,34.5,supplemental,7,7,7,7,7,7,6,6,7,7,7,7,7,7,7
347,Agreste,25.8,none,1,1,1,1,1,1,4,3,2,1,1,1,1,1,1
348,Agreste,35.4,none,6,7,7,4,1,5,3,5,7,4,2,2,3,3,3
349,Sertao,30.9,supplemental,5,5,4,4,6,3,3,2,3,2,4,3,3,1,1
350,Agreste,56.2,none,4,1,3,2,1,3,3,2,3,1,2,3,2,2,1
351,Brejo,80.2,none,1,5,1,7,6,5,2,3,2,7,6,7,6,6,6
352,Sertao,15.4,supplemental,5,4,6,4,6,6,4,5,7,4,6,7,4,6,5
353,Sertao,29.1,none,4,5,4,1,2,1,3,3,2,2,3,4,3,3,3
354,Brejo,17.7,full,5,4,2,5,4,5,7,6,7,5,5,6,4,3,4
355,Sertao,28.8,supplemental,1,1,1,3,2,2,1,1,1,1,1,1,3,2,3
356,Brejo,34.1,full,4,1,1,7,6,5,6,6,3,6,6,4,4,1,5
357,Brejo,29.4,full,3,2,2,3,3,3,1,1,1,2,2,1,1,2,1
358,Sertao,56.2,none,2,3,2,1,3,1,4,6,6,1,1,3,2,2,2
359,Agreste,340.8,supplemental,6,5,5,7,6,5,3,3,2,5,4,4,6,4,3
360,Sertao,18.0,none,4,6,4,1,1,1,1,6,5,1,1,1,4,2,3
361,Agreste,33.1,supplemental,7,7,7,7,7,7,7,7,7,7,7,7,7,6,7
362,Brejo,34.2,none,7,4,6,4,3,3,3,5,6,6,7,6,3,3,5
363,Sertao,19.4,none,1,4,2,3,2,3,2,5,2,1,3,3,4,1,1
364,Agreste,28.9,full,3,4,5,5,1,6,3,7,2,4,5,3,3,5,3
365,Agreste,42.3,supplemental,4,3,7,4,6,5,2,3,2,3,4,2,3,4,4
366,Sertao,75.8,supplemental,1,2,1,1,3,1,1,2,1,2,1,4,3,6,4
367,Brejo,37.7,full,5,6,5,3,2,6,2,1,3,6,4,5,3,1,1
368,Sertao,105.6,none,4,5,3,1,1,2,4,1,4,2,4,1,5,3,3
369,Agreste,10.4,full,2,2,4,4,3,5,2,6,3,3,4,3,5,5,3
370,Brejo,88.1,supplemental,3,7,6,3,3,2,3,5,5,2,3,5,2,2,4
371,Brejo,90.7,none,5,3,3,3,1,2,1,1,1,4,4,3,4,5,4
372,Brejo,43.9,supplemental,6,7,7,6,7,7,7,6,4,7,7,7,6,5,7
373,Brejo,143.4,none,7,6,7,4,3,1,4,1,2,7,6,5,6,3,4
374,Brejo,36.5,full,1,2,1,1,1,1,1,2,4,1,1,1,1,1,1
375,Brejo,118.8,none,7,6,6,7,7,7,5,7,5,5,7,5,6,7,7
376,Brejo,305.1,supplemental,4,7,6,6,5,7,5,3,3,4,4,4,5,7,4
377,Brejo,44.9,supplemental,3,6,4,4,5,4,6,6,7,4,7,6,4,2,2
378,Brejo,24.3,supplemental,7,7,7,4,5,4,7,7,7,7,6,6,6,5,7
379,Agreste,38.2,none,1,3,1,1,1,1,1,2,1,1,1,1,1,1,2
380,Brejo,15.1,none,3,2,4,4,3,3,7,4,5,2,4,1,1,1,3
381,Agreste,76.3,none,3,5,6,4,3,4,5,5,7,3,3,3,5,2,2
382,Brejo,128.0,none,6,5,3,2,1,2,4,4,2,5,6,4,3,5,1
383,Brejo,17.7,none,7,7,7,7,5,5,7,7,7,7,7,7,7,4,7
384,Sertao,94.8,supplemental,2,2,1,1,2,1,6,6,4,3,1,2,6,6,6
385,Sertao,46.1,none,6,5,2,7,7,6,6,7,7,6,5,4,5,6,7
386,Agreste,86.6,none,2,2,4,4,3,3,6,3,2,1,3,2,1,2,2
387,Agreste,61.9,supplemental,3,5,5,5,5,5,4,5,6,4,6,6,3,7,2
388,Agreste,72.0,supplemental,5,5,7,4,6,5,6,3,4,6,4,5,6,6,5
389,Agreste,50.1,full,2,3,1,1,2,1,1,2,1,2,2,6,4,6,4
390,Brejo,134.0,none,7,5,4,3,2,4,3,1,1,4,5,4,5,7,4
391,Agreste,27.3,none,1,1,1,2,1,3,5,3,2,1,1,1,2,2,1
392,Brejo,24.1,none,5,3,3,3,4,2,7,4,6,3,4,3,1,3,1
393,Agreste,82.3,none,5,7,4,7,7,7,5,7,5,7,6,6,7,7,7
394,Brejo,55.9,none,4,4,7,7,7,7,6,4,6,5,4,2,1,1,4
395,Sertao,28.1,none,4,4,7,1,3,4,4,2,2,1,2,3,6,3,5
396,Agreste,84.3,supplemental,7,7,7,3,6,7,5,5,3,6,6,7,4,4,2
397,Agreste,115.1,full,1,1,5,6,2,3,2,2,2,2,3,3,2,4,4
398,Agreste,87.6,none,3,2,3,6,7,7,2,3,4,4,2,2,1,1,1
399,Sertao,104.6,none,3,6,2,3,2,2,3,2,3,3,5,4,3,3,4
400,Agreste,105.1,none,6,3,5,2,3,7,6,4,6,1,1,1,5,6,6
401,Agreste,87.2,supplemental,4,7,4,6,5,4,4,6,4,3,2,3,3,2,3
402,Brejo,47.4,none,4,3,5,5,6,3,5,7,5,7,5,7,7,7,7
403,Agreste,19.5,supplemental,1,3,2,6,6,5,4,7,5,6,6,5,7,6,6
404,Agreste,248.7,none,6,4,6,1,2,2,2,2,5,1,2,1,7,7,4
405,Sertao,15.8,supplemental,6,6,5,3,6,5,2,5,3,5,3,7,6,5,5
406,Agreste,14.1,supplemental,4,2,5,7,6,4,1,2,2,2,6,3,5,5,3
407,Brejo,85.6,none,4,7,2,1,1,2,1,1,1,2,4,3,1,2,3
408,Sertao,57.4,full,1,1,1,7,7,5,4,6,5,3,1,5,1,2,1
409,Sertao,146.9,supplemental,7,7,7,7,7,7,7,7,7,7,7,7,7,7,7
410,Agreste,84.3,full,7,5,6,7,7,7,7,5,6,7,6,7,7,7,7
411,Agreste,82.3,full,5,5,3,5,6,6,6,6,4,6,6,5,6,7,7
412,Sertao,11.5,full,2,5,1,5,7,5,7,7,7,5,3,6,5,5,3
413,Agreste,40.4,none,3,2,3,2,5,2,3,1,1,2,1,2,3,4,3
414,Brejo,141.2,supplemental,3,2,2,6,7,4,4,1,2,3,4,5,6,6,4
415,Sertao,102.2,none,5,7,7,2,1,3,7,7,6,1,4,2,2,2,2
416,Brejo,78.4,full,7,7,7,6,7,6,6,6,6,7,5,4,7,7,7
417,Agreste,23.4,full,5,6,4,6,7,6,5,2,3,3,5,5,1,3,3
418,Agreste,38.1,supplemental,7,6,7,3,5,7,6,7,3,4,4,2,2,2,4
419,Sertao,32.5,none,2,4,4,4,6,6,2,5,3,6,5,7,5,2,3
420,Brejo,40.8,full,2,2,2,6,3,7,1,2,1,2,4,1,1,2,2
421,Brejo,22.5,none,1,1,4,2,2,3,2,2,4,2,3,2,1,1,1
422,Brejo,24.2,supplemental,5,3,3,6,5,4,7,7,5,3,3,2,3,1,1
423,Sertao,122.9,none,5,3,5,5,5,2,4,4,6,7,5,7,2,5,2
424,Sertao,21.3,none,7,6,6,6,6,7,6,6,5,7,7,7,6,7,7
425,Agreste,44.8,full,5,5,3,4,3,2,6,5,6,2,4,3,6,6,6
426,Brejo,96.0,full,2,2,3,2,4,2,2,4,1,6,3,5,6,3,4
427,Brejo,17.3,none,5,4,6,6,7,4,1,1,1,3,2,2,4,6,5
428,Sertao,41.8,none,2,2,4,7,6,5,4,3,4,6,5,6,6,3,4
429,Brejo,15.5,full,6,2,3,1,4,5,2,2,4,1,1,1,2,5,2
430,Sertao,6.0,supplemental,3,2,4,7,7,7,2,2,2,3,3,5,5,4,3
431,Agreste,79.0,none,3,1,4,3,4,2,3,1,1,3,2,2,3,1,6
432,Agreste,20.6,supplemental,3,3,2,2,4,3,1,2,1,2,1,5,2,3,3
433,Agreste,50.3,supplemental,2,3,2,1,3,3,4,1,2,2,2,1,3,2,5
434,Brejo,42.3,full,5,6,5,4,2,4,5,5,7,7,7,7,7,7,7
435,Sertao,385.2,none,3,5,5,1,1,1,1,1,1,1,2,1,1,2,3
436,Agreste,131.9,none,2,3,6,1,3,2,3,5,3,3,3,2,6,6,7
437,Brejo,13.0,none,2,3,4,6,2,6,6,6,5,6,3,4,7,3,6
438,Agreste,17.0,full,3,3,2,4,6,6,6,4,7,7,6,7,3,6,6
439,Agreste,16.7,none,5,3,6,6,4,3,7,7,4,5,5,5,4,1,1
440,Agreste,47.6,none,1,2,3,2,3,3,4,2,2,2,2,1,3,5,4
441,Agreste,45.7,supplemental,7,4,6,6,4,4,3,6,1,3,2,4,5,7,6
442,Sertao,65.1,none,1,5,2,3,5,4,4,3,4,4,7,5,4,5,5
443,Brejo,121.1,none,7,5,5,6,2,4,3,2,4,5,6,5,5,4,4
444,Brejo,21.4,none,6,5,6,2,5,2,6,4,2,6,4,6,4,4,7
445,Agreste,7.2,none,1,1,1,1,1,2,1,4,4,2,1,2,1,1,2
446,Brejo,49.0,none,2,4,2,4,6,4,2,2,2,5,5,5,4,3,2
447,Agreste,10.6,full,1,1,1,1,2,3,2,3,2,1,2,3,2,1,2
448,Brejo,31.6,none,3,4,3,3,2,2,2,1,4,1,1,1,3,5,2
449,Brejo,67.0,full,3,4,3,3,6,6,5,3,1,4,4,1,1,2,3
450,Agreste,22.7,supplemental,6,6,6,3,4,6,3,5,5,7,7,7,4,5,5
