id,system,soil_om,soil_cec,soil_whc,leaf_n,leaf_p,leaf_k,ndvi,lai,chlorophyll,grain_yield,biomass,harvest_index
1,irrigated,2.935579,15.476459,0.254170,24.092229,2.124716,16.777549,0.573712,1.799318,31.060513,4530.203399,11427.045586,0.372895
2,rainfed,2.433745,9.883889,0.289833,30.578152,3.178464,19.322413,0.780231,3.658979,48.659066,6443.403515,12983.255250,0.392068
3,rainfed,1.969777,8.077736,0.249612,19.122311,1.601437,12.757978,0.726548,3.351539,41.726601,6318.767145,13060.123795,0.512729
4,rainfed,3.181986,11.758999,0.245702,30.182557,2.593203,19.722844,0.753734,3.191726,40.649021,5813.386973,12603.622420,0.485738
5,rainfed,1.801251,9.516923,0.231280,31.005516,3.035993,20.661576,0.691271,2.978890,38.092967,5453.134587,10853.608119,0.445229
6,irrigated,1.459390,4.517846,0.199975,20.439211,1.938966,13.654722,0.522081,2.019150,28.982008,3315.209003,8489.655163,0.394930
7,rainfed,2.628870,13.795382,0.258035,31.271535,2.861552,20.480587,0.706006,3.662299,38.152303,4814.449554,12983.132095,0.479597
8,irrigated,3.035947,11.752989,0.250538,27.916250,2.732582,17.860094,0.819492,3.838132,51.627943,5939.207344,11729.888461,0.496340
9,rainfed,2.359234,12.831460,0.260894,28.938316,2.559508,20.937818,0.688836,3.598068,48.764814,4001.675250,9713.679230,0.436190
10,irrigated,2.797530,12.760946,0.249249,29.291818,2.949571,20.409440,0.560355,2.686903,39.357279,5947.793550,8867.713526,0.431671
11,rainfed,2.872790,7.804191,0.334048,29.597808,2.661548,14.383158,0.642268,2.416957,36.263912,5282.469167,13537.878568,0.513206
12,rainfed,3.466092,13.889435,0.250006,21.480308,2.670956,19.572225,0.614884,3.320509,39.994083,4235.589592,11789.578122,0.391306
13,rainfed,2.745241,12.123173,0.257836,24.966169,2.986364,18.387842,0.748133,3.399408,45.076888,5702.497523,11748.586257,0.454537
14,rainfed,2.263718,5.957242,0.214746,20.575869,2.235350,10.393561,0.533670,1.679308,29.305035,4042.368867,10798.091508,0.365772
15,rainfed,2.904802,12.981522,0.350805,32.158847,2.709813,18.525492,0.764173,3.685597,41.001262,5908.147873,13575.149157,0.507663
16,irrigated,2.644387,8.263993,0.273227,26.031411,1.675297,20.306440,0.746934,3.195781,47.528639,4848.518831,7980.689571,0.345184
17,rainfed,2.952042,14.484578,0.372806,31.320606,3.050104,19.903116,0.869463,4.107066,52.992135,6003.680303,15006.538640,0.519434
18,rainfed,2.198914,13.658007,0.218298,30.271846,2.906808,18.831777,0.663257,2.833715,37.360595,4135.654984,9929.597083,0.409916
19,irrigated,3.659928,14.991926,0.313666,35.863565,3.216427,20.136749,0.704347,3.227651,36.936599,4797.205139,9834.834210,0.402780
20,rainfed,3.250956,12.793642,0.308783,29.596920,2.878280,15.084552,0.801718,4.951516,51.785895,6786.651902,13089.023451,0.550481
21,irrigated,2.911841,10.716424,0.325507,36.640018,3.686439,24.552464,0.864740,5.023867,52.510698,7574.803023,13917.159646,0.593036
22,rainfed,2.456911,7.783399,0.292054,25.642900,2.214144,17.579269,0.833785,3.051152,44.639159,5913.732707,12042.918492,0.504192
23,rainfed,2.464601,9.507638,0.259834,28.922308,2.636223,18.889375,0.663025,3.389998,41.381724,5705.118294,13515.449263,0.425348
24,irrigated,3.361489,15.646836,0.361591,39.534690,3.013536,22.766197,0.822783,4.552786,49.586632,6316.780693,14636.871347,0.503164
25,irrigated,2.445510,10.655497,0.287036,27.178262,2.160234,19.002144,0.648725,3.053657,38.880035,5960.614416,11576.586933,0.498604
26,rainfed,2.802267,17.666572,0.278487,31.419301,3.112558,21.854547,0.836348,3.861037,52.399853,7200.608816,15731.752151,0.507744
27,irrigated,1.778296,8.290827,0.220598,28.821045,2.606659,20.404626,0.632326,3.509577,41.835705,5258.616746,13029.911341,0.448661
28,irrigated,2.454549,12.790976,0.266546,27.559078,2.686984,15.442100,0.624776,2.964948,40.821695,3532.181390,7988.037339,0.404584
29,irrigated,3.964587,17.580189,0.312312,34.500218,3.110146,23.350902,0.809111,3.867283,47.791048,6199.372962,13079.517061,0.442961
30,irrigated,2.963031,11.356616,0.214918,21.509768,2.233271,15.225845,0.648287,2.586308,33.116580,5000.907719,8099.052951,0.402489
31,rainfed,2.742619,7.766026,0.371379,31.353702,2.405557,14.039968,0.737252,4.062834,49.330781,5593.859161,10762.420016,0.455881
32,rainfed,3.217562,15.196348,0.269228,28.852516,2.928718,19.973694,0.640501,2.943640,43.326802,5108.869773,10940.979273,0.416440
33,irrigated,1.778898,10.337511,0.258224,28.709866,2.345827,19.094962,0.675469,3.312389,31.246969,5049.332201,12199.390808,0.453694
34,rainfed,3.406903,15.465876,0.347586,28.456726,2.412701,17.667057,0.830202,4.060580,46.426917,6394.181790,11435.574479,0.483792
35,irrigated,3.020985,12.666726,0.311509,37.214466,3.156722,22.457353,0.887563,4.509993,56.921524,6662.131274,15566.174661,0.521625
36,rainfed,3.939880,13.505397,0.367249,34.965703,3.154290,19.989725,0.873076,4.837580,51.012308,7375.513187,14215.537983,0.479287
37,irrigated,2.807960,11.936343,0.319689,30.489863,2.857433,17.328248,0.793114,3.812639,45.844647,7321.113164,14765.013681,0.612308
38,rainfed,2.135258,12.924701,0.293175,22.361243,2.386609,14.675987,0.644824,1.890416,40.337191,4497.822506,10422.656436,0.453388
39,rainfed,1.795289,9.583999,0.210471,18.190547,1.777078,12.802655,0.584570,2.971885,33.648338,4157.411781,11018.976960,0.351735
40,irrigated,3.088506,10.180796,0.332189,25.594147,2.641571,15.055810,0.642793,3.454893,46.925191,5175.467036,13250.515669,0.440559
41,irrigated,1.750904,7.965753,0.260198,30.050699,2.477516,16.405010,0.738039,3.422189,40.576360,6579.369661,14481.782700,0.491398
42,rainfed,2.414774,13.322640,0.295170,33.442166,3.238301,19.446676,0.715134,3.813315,48.897651,6788.044650,13991.843529,0.540831
43,irrigated,1.544570,10.392231,0.219031,23.193242,1.794245,16.248796,0.703487,3.109165,42.423718,5438.511334,12566.546636,0.452865
44,rainfed,3.638724,12.043841,0.253766,31.552204,3.003637,20.546114,0.818370,4.776606,54.131960,6091.247548,15176.809439,0.557325
45,rainfed,2.831245,9.943101,0.326085,26.477904,2.304008,19.556086,0.671288,2.812663,47.691263,6213.477244,11507.932805,0.482431
46,rainfed,3.300617,12.212472,0.341909,34.214607,2.804095,20.097810,0.685135,2.858299,44.408090,7132.850134,13971.982207,0.450978
47,irrigated,2.511978,14.286502,0.251836,28.565232,2.800817,21.509292,0.732807,3.407416,43.156610,5945.366287,12474.822956,0.447888
48,irrigated,3.164860,11.852882,0.371361,36.506939,3.560353,22.821322,0.874940,4.668839,49.287085,6802.665851,15498.616238,0.569461
49,rainfed,3.562304,14.984255,0.310283,33.546554,2.458034,18.936947,0.681995,4.292626,42.761741,6856.246503,12422.979785,0.527259
50,rainfed,2.624698,11.047024,0.354863,27.571434,2.889882,20.369266,0.595496,2.823164,43.726989,4863.327745,11321.314537,0.419672
51,rainfed,1.746477,8.524126,0.214411,23.457985,1.793809,16.885702,0.424679,1.900859,32.623767,4154.286548,9200.198933,0.421163
52,irrigated,3.909738,11.190001,0.304876,29.520519,2.629335,21.939706,0.751865,4.434729,47.523326,5708.150730,11761.029546,0.500154
53,rainfed,2.553788,13.126688,0.282683,30.683904,2.641202,19.942744,0.717996,3.189105,44.242276,6469.929648,13441.116438,0.476628
54,rainfed,3.437648,11.805959,0.269515,27.594669,2.356710,13.996462,0.665115,2.861279,41.541950,5007.875510,11506.243585,0.396504
55,rainfed,3.345280,10.445363,0.293609,33.355076,2.760380,19.871095,0.689123,2.771040,44.660031,5753.464297,12763.506180,0.391833
56,irrigated,3.260805,15.407884,0.399714,33.021072,3.418223,24.080269,0.798362,4.403954,41.017847,5858.037250,12097.370487,0.514980
57,rainfed,2.929681,14.140263,0.364708,26.660041,2.575745,16.101522,0.665561,2.908645,36.636270,4624.683246,8364.995868,0.432421
58,rainfed,0.600000,4.690631,0.149609,20.200450,1.728622,16.934904,0.430199,1.274083,22.358362,3465.315007,8310.987585,0.410047
59,irrigated,1.868610,7.460226,0.250562,24.629623,2.246413,15.898409,0.593905,2.445741,29.069101,4735.527764,10618.851832,0.409711
60,irrigated,1.676698,8.874900,0.321192,27.662481,2.033716,15.112525,0.644106,3.197409,39.445494,5008.981289,12013.767527,0.474265
61,rainfed,3.232539,13.563230,0.291484,29.460770,2.445083,18.016958,0.784276,3.960405,45.146408,7189.631979,13290.443028,0.479516
62,rainfed,2.422501,11.190263,0.359864,32.929193,2.294182,20.648891,0.709969,3.501236,41.899448,6884.343582,13332.687728,0.511318
63,irrigated,2.705910,11.532937,0.292111,30.079915,2.151086,14.496000,0.760603,3.911064,45.081895,5697.388878,13035.511378,0.542622
64,rainfed,1.689425,5.965015,0.219898,33.659602,3.121087,20.470339,0.686205,2.766569,41.289785,6226.320666,15217.143020,0.533076
65,irrigated,2.089833,10.397157,0.198901,22.216992,1.828076,16.688129,0.687514,3.496031,38.397634,5798.995759,13262.789903,0.451276
66,rainfed,2.390533,11.112661,0.229993,25.875865,2.188410,16.553473,0.700865,3.526400,42.533513,5498.110460,11799.092985,0.418274
67,rainfed,3.615380,13.430898,0.302523,26.961188,2.607195,17.661694,0.672124,3.081312,46.149941,6325.058260,11261.906513,0.406201
68,rainfed,2.832521,13.128686,0.321656,24.324681,2.083856,15.613490,0.606254,2.263556,39.904611,4099.714240,8806.933430,0.336332
69,rainfed,2.877501,12.969560,0.296419,32.400198,2.744502,19.369673,0.828877,4.094585,46.843017,6154.347812,14506.451825,0.441549
70,rainfed,2.168681,7.826657,0.217572,19.851647,1.940208,10.812029,0.704303,3.344480,28.835033,4224.758973,10461.313013,0.426929
71,irrigated,1.482948,10.723666,0.196004,22.476206,1.848741,16.744124,0.666110,2.866123,33.849780,5414.077774,11336.837179,0.480602
72,rainfed,2.582351,14.202989,0.288842,35.433125,3.279651,19.139078,0.745179,3.755915,51.028929,6906.979724,13363.215171,0.504310
73,rainfed,2.312792,8.038141,0.266679,25.505673,2.498394,17.613665,0.665064,3.594201,44.945869,5251.422716,10583.948577,0.481879
74,rainfed,2.081375,7.620577,0.247084,25.112627,2.434519,13.620431,0.641540,3.354889,40.950434,4855.139671,11892.472070,0.398992
75,rainfed,3.610436,11.633439,0.294066,26.570051,2.805136,18.243161,0.676976,3.027985,37.112236,6716.248086,13368.483058,0.544292
76,irrigated,2.498815,6.936042,0.228179,24.097014,2.401608,17.986086,0.676147,2.901749,32.927989,5831.205055,8719.984346,0.423594
77,irrigated,2.810316,12.402944,0.206098,26.170676,2.473192,17.444771,0.655927,2.813487,40.476093,5807.101385,11215.161487,0.424267
78,rainfed,2.023777,10.582665,0.268350,30.194193,2.353281,16.672902,0.719336,3.202722,42.115844,7323.114527,14248.383721,0.449345
79,irrigated,3.978402,17.348357,0.334734,31.976391,2.815797,19.091000,0.851064,4.282477,51.209147,8232.985763,15298.284498,0.605562
80,rainfed,2.206052,8.751476,0.226082,22.106067,1.944261,13.028026,0.583489,2.323124,31.322647,5230.377577,11617.112181,0.428318
81,rainfed,3.264056,12.372500,0.348609,31.947873,2.384371,16.513461,0.756063,4.640589,49.303725,6447.454163,13699.527992,0.503853
82,rainfed,2.231544,6.873689,0.235786,24.872838,2.569801,14.146397,0.710054,3.942227,44.530219,5039.191269,11528.794101,0.417097
83,rainfed,3.130991,12.269753,0.270794,26.324103,2.532215,18.139447,0.694116,3.814951,43.938442,5551.203806,10597.984211,0.369359
84,rainfed,1.927258,12.355233,0.282769,26.153599,2.275355,18.481055,0.689183,2.399510,42.228637,5633.043465,11422.684866,0.422025
85,rainfed,3.173809,11.051431,0.344546,31.252632,2.686614,23.713302,0.648645,3.610435,44.222575,5823.057854,13331.295931,0.420093
86,rainfed,1.902542,8.330838,0.281968,31.174450,2.637730,21.663660,0.748243,3.607539,49.673249,5620.249949,11773.519438,0.490177
87,irrigated,0.900941,6.580923,0.262962,26.998106,2.613920,16.667201,0.715886,2.804057,42.168948,6966.004119,13498.666011,0.582502
88,irrigated,2.002648,9.578716,0.263276,22.873580,1.956214,16.904987,0.629533,2.496852,37.993468,4687.986650,10896.864094,0.443975
89,rainfed,3.027940,12.709169,0.308974,28.779936,1.969961,15.488133,0.703449,3.698235,46.553838,6643.560632,11953.876748,0.501818
90,rainfed,1.763829,7.660812,0.190302,24.322240,2.124089,15.223170,0.637924,1.853742,33.622410,2440.585286,8007.097521,0.378798
91,rainfed,3.358946,14.043228,0.349368,33.954122,2.827052,15.865595,0.611641,3.171959,41.153757,5793.856593,10191.457329,0.436347
92,irrigated,2.639348,10.993778,0.283182,24.818295,1.459448,15.304662,0.736274,3.026242,42.637864,4184.336650,8168.008612,0.314245
93,rainfed,3.600441,14.227448,0.303081,33.273220,2.987529,21.533755,0.823782,3.084750,47.760495,6553.588139,12676.885687,0.521497
94,rainfed,2.547758,13.333286,0.330042,31.629709,2.770820,21.536022,0.685757,3.721493,49.715074,7714.162802,15580.201648,0.563777
95,irrigated,3.038752,11.431753,0.298468,28.103403,2.389597,18.733736,0.715545,3.265987,48.742163,5302.524715,12611.664406,0.369115
96,irrigated,2.624590,12.138935,0.321547,26.196313,2.949059,16.956114,0.677352,3.385976,36.013732,6120.405576,11456.472072,0.555530
97,irrigated,2.308701,5.666832,0.196080,31.567773,2.634592,17.835703,0.669017,3.565475,44.647993,6625.195165,13037.705945,0.488116
98,irrigated,3.413777,13.991252,0.294194,27.192002,2.876023,17.026866,0.749175,3.871575,45.234386,6090.121342,12659.007205,0.546636
99,irrigated,2.429477,9.703107,0.281424,27.436434,2.437040,18.848558,0.747242,3.074736,37.462315,5656.926380,10918.858494,0.466033
100,rainfed,3.043469,14.869460,0.336125,29.256741,2.691922,17.609653,0.752983,3.802106,38.799207,5314.639927,10220.653178,0.362760
101,rainfed,3.612718,11.312355,0.327473,28.198865,2.122625,16.251823,0.736573,3.544617,42.848614,6016.236098,11523.991564,0.499978
102,irrigated,2.980166,11.261328,0.308944,26.996680,2.203952,17.898482,0.705192,3.639737,44.140306,6685.237887,13953.975750,0.438011
103,irrigated,2.021047,11.860370,0.249580,32.805075,3.364087,19.183458,0.787369,3.717681,52.609236,7209.190313,16406.951130,0.575755
104,irrigated,3.677973,15.724273,0.358629,28.382573,2.534314,20.922996,0.759637,3.635042,44.171019,6528.064666,13420.065962,0.438676
105,rainfed,1.410028,5.179958,0.227117,29.492878,2.511031,16.151405,0.650907,2.918530,39.031111,6222.620497,13497.451669,0.480023
106,rainfed,3.130281,13.971596,0.304821,32.906751,2.851227,25.097856,0.755518,3.847348,42.827925,7038.371401,14638.536247,0.525952
107,irrigated,2.544651,11.865945,0.279822,26.559904,2.193340,14.564390,0.611485,2.838861,39.499228,3763.556921,8414.630912,0.411059
108,rainfed,2.472893,13.579068,0.253545,32.070145,3.166772,21.551454,0.721783,3.193979,53.946949,6446.165132,13826.054283,0.464897
109,irrigated,2.265399,10.015855,0.326739,29.777724,2.765485,20.332439,0.741846,3.709263,42.330858,7248.091722,13898.561787,0.440464
110,irrigated,2.666365,6.259050,0.245398,31.296238,3.074415,19.050680,0.769508,3.627253,42.637524,5177.832407,10809.469874,0.470383
111,irrigated,4.438830,22.614894,0.400765,33.031405,3.143613,21.592438,0.881434,5.480320,51.630867,7795.171898,16063.901741,0.547910
112,irrigated,3.733578,19.120663,0.343539,28.432690,3.253000,21.126600,0.746518,2.913146,37.618361,6050.079646,11323.866049,0.397321
113,irrigated,3.430333,12.449512,0.359601,34.018093,3.126965,20.515918,0.855868,4.715796,50.813154,6671.685320,13451.347890,0.434424
114,irrigated,2.526253,8.894120,0.239876,28.870467,2.110728,20.344522,0.701671,3.319952,45.056146,6226.553410,12704.791514,0.474088
115,irrigated,3.014081,11.089430,0.283317,29.230563,2.923953,18.570088,0.737583,4.227896,46.694593,6208.976177,11894.844460,0.513091
116,rainfed,2.898115,7.996448,0.217210,28.872342,2.456679,12.269084,0.655147,2.934006,45.556884,4698.786052,11097.040518,0.339786
117,rainfed,2.659561,9.405733,0.171410,19.503678,2.340511,17.498134,0.730131,3.769807,45.465661,5482.242093,10644.780441,0.469203
118,irrigated,2.402840,13.290977,0.256002,27.968536,3.060114,20.919009,0.798385,4.331769,45.793224,6162.827993,12307.942146,0.479642
119,rainfed,1.792778,8.280204,0.208258,29.730649,2.438237,18.834345,0.649880,2.969979,36.292821,4899.375766,11871.583643,0.445058
120,rainfed,2.012343,8.488990,0.279166,25.926349,2.058724,17.061180,0.658078,3.402113,37.053531,4756.267314,10884.874424,0.397984
121,irrigated,2.799348,10.951912,0.240492,30.019777,2.608175,16.086034,0.788936,3.851664,48.908803,6861.481236,12954.510385,0.521856
122,irrigated,1.905071,10.464337,0.204898,25.102316,2.030865,13.703871,0.658890,2.801641,35.964167,5101.445352,10111.946547,0.393127
123,irrigated,2.835077,11.338643,0.316407,23.538691,2.180495,18.745436,0.750045,4.582662,50.343674,5393.198340,11116.167104,0.440675
124,irrigated,3.002035,12.749339,0.301444,20.108383,2.155172,16.376415,0.629175,2.713157,34.470608,5766.494787,12243.625209,0.406462
125,irrigated,2.772478,11.046993,0.245083,27.878575,2.656824,13.828274,0.743172,3.972890,39.386260,6840.343944,11322.234531,0.500499
126,rainfed,3.985460,12.761491,0.275542,33.313511,2.883946,21.956105,0.739983,3.841123,40.278611,6766.900091,13910.069828,0.586835
127,rainfed,2.774621,11.792389,0.370625,32.073918,3.005024,18.496994,0.726709,4.596785,44.205977,6883.014027,14865.102840,0.544447
128,rainfed,2.818840,10.578032,0.238272,34.173558,2.524223,22.013782,0.753953,4.101441,45.002611,6197.533655,12059.607947,0.478463
129,rainfed,1.657974,9.852668,0.237033,30.486257,2.670780,18.844280,0.696383,3.490482,48.469255,6565.227700,12991.348600,0.509649
130,rainfed,2.427071,8.540658,0.237635,25.650810,2.274116,13.027432,0.691390,2.728377,40.001283,6164.282841,13567.275146,0.550639
131,irrigated,3.248344,14.558657,0.299077,26.252001,2.390798,15.641789,0.606719,1.948851,34.549746,4931.394199,11011.051889,0.440924
132,irrigated,2.886739,15.428567,0.354933,30.143564,2.671603,17.387393,0.698628,3.405823,46.383248,6449.076190,14600.926914,0.534320
133,rainfed,2.766500,10.657133,0.258332,23.558670,2.402839,19.210898,0.609841,3.187996,39.332269,4636.167422,9828.794619,0.342069
134,rainfed,1.679888,8.553150,0.246757,29.006698,2.570915,15.579255,0.723309,2.969164,36.551536,5784.528816,11935.575136,0.470438
135,irrigated,2.462212,11.283431,0.371487,27.664280,1.767067,20.559642,0.747027,4.718312,52.063950,6538.091250,12136.594461,0.495755
136,rainfed,2.910281,15.091849,0.380034,26.233664,2.891789,14.673458,0.719629,3.466156,43.343839,5700.423853,10665.364177,0.450315
137,rainfed,1.996427,7.586315,0.285096,34.478117,3.232387,24.233201,0.799817,3.979312,43.362475,5101.590808,9696.626909,0.497981
138,irrigated,1.528122,7.044442,0.190369,24.199532,2.127454,17.117504,0.616135,2.726750,30.394493,5067.781233,9108.066172,0.391567
139,irrigated,2.142937,8.551459,0.282666,20.494796,1.581919,12.648199,0.728545,3.534720,47.709320,5012.219894,10810.768926,0.493406
140,rainfed,2.201485,9.227074,0.296553,28.980424,2.527111,19.984757,0.777992,3.685532,38.794858,4983.960200,8194.501074,0.463390
141,irrigated,2.825709,11.795576,0.258769,26.733541,2.474175,19.402963,0.643771,3.946358,43.931443,4790.343994,9776.825516,0.448487
142,rainfed,2.942317,10.950228,0.383647,31.295724,2.561186,20.443897,0.761814,4.064434,48.092643,4997.321734,11626.589917,0.411796
143,rainfed,2.003546,9.021142,0.212134,25.268360,2.332042,16.450530,0.616470,2.713401,36.427159,5327.185987,12219.268796,0.446075
144,irrigated,2.437819,11.912441,0.243360,33.139479,2.380893,20.278061,0.681362,3.141602,38.562537,5990.391157,11620.206347,0.429229
145,irrigated,1.736604,9.180934,0.185797,30.523853,2.639272,18.022173,0.789591,3.756098,53.076674,7218.061871,14442.125388,0.494472
146,irrigated,2.782581,13.327036,0.255599,31.400985,2.782336,20.434249,0.700809,3.176488,51.118135,5410.363139,10611.473668,0.414848
147,rainfed,2.302630,10.221944,0.276020,27.632702,2.878869,18.711129,0.747360,3.727468,46.174208,6182.215010,13110.391018,0.450037
148,rainfed,1.855198,6.588010,0.272358,23.556255,1.944156,17.228783,0.606476,3.194056,41.981990,4829.485935,10264.574189,0.384358
149,irrigated,2.708623,10.856682,0.212409,29.636465,2.138300,15.361271,0.710131,3.567955,37.973240,4906.882060,10946.476654,0.403301
150,irrigated,1.500926,9.573610,0.170248,26.193449,1.969353,16.203019,0.553573,1.524584,33.740849,4185.716166,9337.534602,0.415166
151,irrigated,3.666368,15.556065,0.318169,36.483420,2.851973,19.500274,0.793388,4.234140,48.605615,6863.932693,14212.415862,0.465297
152,irrigated,3.493758,15.133615,0.364715,35.459351,3.220571,20.965854,0.871802,5.709325,49.275158,7281.724994,14739.514640,0.531194
153,rainfed,3.572158,18.146934,0.316286,33.837779,3.149655,20.911745,0.823867,4.452167,52.361657,6881.229352,12721.775916,0.513861
154,rainfed,3.118399,13.987745,0.312323,28.723885,2.829744,18.367385,0.775006,3.277440,45.691007,6629.994335,13428.050034,0.513374
155,rainfed,2.352289,9.043417,0.227328,23.528481,2.366300,17.369333,0.649544,3.496145,34.203783,4308.665278,10227.613067,0.394086
156,rainfed,3.352768,12.995137,0.316737,28.112256,3.126906,19.203760,0.692565,2.448446,38.619144,5619.838764,10837.888303,0.406938
157,irrigated,2.472236,10.081341,0.355828,27.321248,2.928519,15.865180,0.693939,3.621810,46.066594,5864.104939,12726.237833,0.454327
158,irrigated,2.147597,8.559505,0.219855,29.497138,2.797118,18.132764,0.730961,3.248624,49.096327,6053.860791,11962.853100,0.524701
159,irrigated,2.788636,13.100420,0.257665,32.808893,2.477940,18.665487,0.594494,2.461084,45.022778,5574.516648,12074.221382,0.464594
160,rainfed,2.293039,11.389787,0.275772,28.787393,3.010118,22.703322,0.930000,4.776858,45.792559,5763.262819,12770.462814,0.469605
161,irrigated,1.703256,9.290454,0.203529,29.485255,2.517166,19.931322,0.784056,3.218319,43.195935,5940.116820,13541.316626,0.547603
162,rainfed,4.165148,11.278150,0.314753,29.245387,2.636574,19.345656,0.697368,3.990081,42.957455,6301.787146,11869.090706,0.455104
163,irrigated,2.681720,12.110680,0.280073,34.771080,3.496741,20.446678,0.717901,2.365300,39.406238,6614.799587,11525.463422,0.505650
164,rainfed,1.631945,6.738835,0.246666,24.614396,2.311475,15.602287,0.531216,2.181106,34.593206,5925.232331,13005.258145,0.337870
165,rainfed,3.073836,15.622095,0.334267,30.309720,2.744652,18.944879,0.674171,2.546441,42.586868,6290.259304,14128.348482,0.496916
166,rainfed,3.110763,13.182554,0.328650,30.605154,2.650770,19.596909,0.739158,3.964808,42.758439,6222.430623,13052.519665,0.510824
167,rainfed,2.069430,7.136899,0.254182,28.883093,2.573096,19.979368,0.633879,3.162996,41.240483,5324.384265,12929.581131,0.499953
168,irrigated,2.131752,8.278781,0.254759,31.369599,3.081587,20.266393,0.733230,3.804688,42.124222,6115.385047,11398.667398,0.495753
169,irrigated,2.506011,10.782402,0.224073,28.394391,1.981641,18.425558,0.562047,2.449445,30.722830,4574.484413,9571.566536,0.396865
170,rainfed,3.222984,11.744553,0.302390,38.208243,3.607148,22.823696,0.717776,3.577320,42.777465,6272.763599,12275.047489,0.474430
171,rainfed,3.643065,14.429657,0.330908,29.047158,2.607660,18.032290,0.824897,3.860077,46.787640,6758.348003,11892.366742,0.443034
172,rainfed,3.541666,14.554405,0.343018,32.537601,2.729292,20.714134,0.709520,3.778654,45.960673,5763.523928,12160.650861,0.471969
173,irrigated,2.415665,10.677205,0.313598,28.330123,2.261597,20.737008,0.615322,1.495917,30.898698,4518.274772,10443.422723,0.378900
174,rainfed,2.751708,9.363537,0.342712,25.619106,1.911213,15.427421,0.712870,3.575511,40.211294,6638.245126,14454.572956,0.513089
175,rainfed,3.103030,14.306820,0.350454,40.360865,3.540281,25.625608,0.870526,5.471153,54.365953,7272.443430,13610.780584,0.520765
176,irrigated,2.807669,6.668722,0.240335,26.935866,2.484425,18.143483,0.689237,2.797941,45.138046,6525.737546,11900.991118,0.465737
177,rainfed,2.399493,11.615443,0.310225,30.696253,2.834261,21.350171,0.692986,2.891919,38.768349,6691.088255,12684.285214,0.445899
178,rainfed,3.071335,11.544049,0.328469,30.800468,2.946312,24.479316,0.770153,4.004324,44.727065,6013.005904,15558.118649,0.452897
179,irrigated,3.112570,10.373235,0.289571,34.955187,2.286294,20.436034,0.717110,3.296495,45.242445,6592.945799,14585.590144,0.494785
180,rainfed,3.732512,12.599990,0.355561,40.867907,3.431664,26.599343,0.776422,3.723581,49.565118,6716.991905,14836.282684,0.577479
181,rainfed,2.053384,13.357925,0.244074,34.799971,3.238903,19.996893,0.619788,2.899350,34.742513,5419.608025,10915.071464,0.445225
182,rainfed,2.135547,11.802330,0.209749,26.645917,2.633128,15.835528,0.674329,2.490229,42.712066,4238.269089,8228.599630,0.436881
183,rainfed,1.353903,9.219085,0.183252,22.237736,1.955763,18.103461,0.641944,2.552778,37.475434,4520.099145,13089.164780,0.441100
184,irrigated,2.303991,8.356608,0.237011,28.613021,2.604447,16.149894,0.698601,4.082920,39.489878,4878.049734,12469.634630,0.486645
185,rainfed,2.965311,10.176263,0.237696,30.861923,2.602500,20.836964,0.743940,3.620373,40.748727,6035.682909,15344.758748,0.448104
186,rainfed,3.280688,16.741238,0.344292,29.210659,2.828153,21.265100,0.832691,4.281279,48.123011,6235.551418,12549.164469,0.476259
187,rainfed,2.438778,12.673348,0.198230,21.801035,1.757710,17.572073,0.770161,3.901765,48.598131,5295.163133,10780.002793,0.477519
188,rainfed,2.651004,14.542458,0.338183,29.090102,2.969756,20.082500,0.724547,3.206498,42.716687,5885.708286,11566.856518,0.480132
189,rainfed,3.582463,18.691218,0.330046,30.195111,2.849136,19.899202,0.746549,3.783389,41.574750,5747.937281,14258.261812,0.463160
190,rainfed,3.863071,11.331342,0.241917,32.807653,2.679203,19.778160,0.643519,3.343681,43.992463,6351.498752,13276.716095,0.447383
191,rainfed,2.400076,7.983483,0.259119,25.985876,2.192855,15.667444,0.631760,3.556716,40.251962,5869.197711,10378.460493,0.420461
192,irrigated,2.992794,16.793622,0.386788,31.304719,2.597481,21.966437,0.783818,4.439359,48.152586,4865.859784,11683.906865,0.441587
193,irrigated,2.666513,12.999537,0.291214,27.138090,2.239396,15.022513,0.555175,2.814116,32.550341,5318.719369,12820.421654,0.490062
194,irrigated,3.282566,17.049649,0.424656,32.074643,3.006256,25.135760,0.809217,3.943848,54.769150,6878.953835,14424.163574,0.483325
195,irrigated,2.525134,10.020549,0.257131,29.259150,1.968049,21.061466,0.676245,2.316847,34.858981,6262.398639,12668.311284,0.507754
196,irrigated,2.692306,14.320391,0.293495,34.851965,3.181333,20.901108,0.825041,4.291492,55.939622,5712.395459,14043.439341,0.507006
197,rainfed,3.060933,14.870780,0.234803,32.515108,3.163391,22.032697,0.875286,3.873822,52.532001,6941.671084,13609.641050,0.515011
198,irrigated,2.857909,11.179044,0.308399,27.934728,3.148947,16.879238,0.713665,3.592800,45.244829,5414.456239,10208.612347,0.458224
199,irrigated,3.146492,11.448033,0.255123,33.262141,2.896966,19.609700,0.779845,4.209049,45.871111,5800.045913,13146.731592,0.481531
200,rainfed,2.570566,10.156156,0.205954,22.056559,2.674831,19.126008,0.760590,3.179796,43.084834,4999.911340,10338.621604,0.412935
201,rainfed,3.834535,17.208822,0.311399,39.194358,3.241909,27.773717,0.735318,4.136001,46.156248,6547.851166,12494.213787,0.550932
202,rainfed,1.584991,7.351015,0.196889,30.113875,3.077768,13.985039,0.585684,2.259017,35.798796,5580.505353,13035.673976,0.415686
203,rainfed,1.669552,5.152519,0.227751,26.067389,1.714192,15.810349,0.616363,2.449358,37.948308,4002.972182,10343.634241,0.403558
204,rainfed,2.790435,11.703174,0.326860,28.822619,2.444702,17.591808,0.744637,3.196544,35.717629,5941.947420,11856.629614,0.447279
205,rainfed,3.004923,13.488290,0.284359,26.328792,2.132023,18.607026,0.700882,2.452222,30.790698,5009.116196,9247.935140,0.410657
206,rainfed,2.597104,13.477102,0.270354,33.794929,3.379236,21.586950,0.767579,4.183965,46.884467,5728.423883,11492.260425,0.480889
207,rainfed,2.801122,11.328275,0.326167,30.737762,2.615348,16.318625,0.787900,4.571269,53.824976,4933.438748,11653.662949,0.425253
208,irrigated,3.063001,11.914574,0.337488,29.983149,2.627626,16.385089,0.755188,3.728754,43.413129,6293.936001,14525.565993,0.502311
209,rainfed,3.599717,8.074878,0.256242,26.492670,2.804962,18.058904,0.707869,3.237907,49.736368,5119.424764,8944.371996,0.436439
210,irrigated,2.369834,9.353010,0.211797,31.215892,2.006675,16.253761,0.665071,4.106306,49.905728,6172.105171,10579.373090,0.465690
211,rainfed,2.799510,12.633923,0.296201,27.598323,2.802062,21.354465,0.755510,3.693991,50.741240,6134.860553,11050.101268,0.500446
212,rainfed,3.284833,13.518303,0.351333,33.346474,3.326674,21.661516,0.771427,4.117397,50.211857,6775.177897,14465.022628,0.523997
213,rainfed,2.758038,8.335438,0.206414,25.094327,2.587077,17.722563,0.633301,3.297373,35.970235,4989.378652,11547.214014,0.447408
214,irrigated,2.499571,9.588961,0.314456,33.127996,3.723654,20.496686,0.649674,2.886092,37.486803,5316.154310,13059.074975,0.462929
215,irrigated,2.250660,9.213018,0.266519,25.325755,2.480311,16.054431,0.691741,2.683788,38.622969,4403.871124,10463.384128,0.465579
216,rainfed,2.267742,10.606954,0.217791,30.866178,2.265908,16.239519,0.612611,2.409410,39.798555,4791.584199,10879.852586,0.463578
217,irrigated,2.125971,10.641206,0.246783,32.633636,2.733177,19.592042,0.798587,3.831519,49.455263,6944.742530,12995.610322,0.427872
218,rainfed,2.833040,12.277134,0.297377,25.450784,2.243203,18.444564,0.771918,4.297878,45.885712,5602.181753,10637.581680,0.469366
219,rainfed,1.803896,10.011128,0.246128,29.239229,2.056804,15.148520,0.681617,3.143779,39.288674,5788.744225,10836.690095,0.441218
220,rainfed,2.814166,10.368831,0.245293,34.177136,3.219793,17.863909,0.651943,3.324661,45.563810,6159.631123,12063.048308,0.485093
221,rainfed,1.595751,7.042021,0.161107,18.682220,1.811373,11.845503,0.505380,1.086633,26.767612,4474.306360,9876.858623,0.407717
222,irrigated,2.023931,8.889068,0.221620,27.517787,2.327345,14.857640,0.625737,2.717463,36.395247,4806.694627,11143.091965,0.440071
223,rainfed,2.816765,9.579300,0.252630,30.127264,2.744446,21.829235,0.751013,4.096483,43.651958,6711.362632,13209.208517,0.485497
224,irrigated,2.818666,12.821275,0.340873,32.590434,3.685546,26.370678,0.704367,3.130839,41.916479,5510.987266,12112.699423,0.457016
225,irrigated,2.670588,8.452030,0.235822,24.796409,1.963272,17.243663,0.727380,2.716371,39.186973,5631.564770,13549.230214,0.415231
226,irrigated,3.589836,16.221496,0.388191,30.592312,1.966409,17.010212,0.771779,3.084363,44.751582,5951.768791,13005.377574,0.507363
227,rainfed,2.719085,9.990440,0.288642,37.002860,2.977235,18.650718,0.775832,3.656129,42.154068,7543.364940,14604.939610,0.453578
228,rainfed,2.179024,9.036574,0.221726,27.849737,2.192804,20.120226,0.710830,3.393397,44.508236,5861.098853,14595.743007,0.433752
229,irrigated,2.891037,10.305347,0.280242,25.565134,2.696546,18.872726,0.643190,4.019411,40.388417,6052.141347,11306.551935,0.404403
230,irrigated,3.938942,15.513206,0.361929,32.070331,3.007198,18.867967,0.819352,4.133119,52.641510,5657.076238,11204.157732,0.424180
231,rainfed,3.169124,10.912828,0.289381,27.895333,2.770367,15.683201,0.767336,3.689571,48.889214,7324.568455,13581.486268,0.600704
232,rainfed,2.168249,10.827538,0.254751,23.772387,2.274720,13.293100,0.620222,3.319960,39.047480,4089.447918,10616.654164,0.405563
233,irrigated,2.532770,12.320591,0.305945,33.185557,3.057089,19.422448,0.745661,4.508674,46.244598,7229.250895,15443.507255,0.460862
234,rainfed,1.976520,8.993263,0.237361,22.264513,2.274673,11.737039,0.522401,1.736846,35.418385,5006.551189,10854.380969,0.357425
235,rainfed,2.606157,10.235309,0.246807,27.076649,2.439120,15.767471,0.620900,2.670486,40.026883,3367.191642,9071.067036,0.354375
236,irrigated,2.655674,9.877850,0.285114,28.825018,2.219655,19.913849,0.628666,2.129310,34.731612,5185.171730,11899.490409,0.468232
237,irrigated,2.290291,10.430236,0.278392,27.105626,2.630663,22.362889,0.679602,4.020663,46.882582,5313.757700,12718.204991,0.448508
238,rainfed,2.510615,10.881370,0.229091,26.111086,2.459838,16.700458,0.684410,2.700169,40.928500,5087.969765,10801.292658,0.396680
239,rainfed,2.393697,8.624154,0.229285,23.331446,2.360996,18.018255,0.742651,3.742130,45.376165,6677.818037,12510.863032,0.460957
240,rainfed,2.569310,8.536948,0.317988,23.520753,1.879730,16.123065,0.662062,3.434896,44.554460,3955.267586,9487.425478,0.393482
241,rainfed,2.835601,16.786504,0.283130,29.087786,2.597136,19.035210,0.629803,3.119747,43.406924,5214.052470,12208.420177,0.413510
242,rainfed,1.903860,8.243382,0.232478,24.885431,2.232554,15.668529,0.597066,2.226236,32.828495,4740.447094,13154.757432,0.424098
243,rainfed,0.947736,4.636512,0.169470,29.396617,2.294537,17.948179,0.619254,2.320473,34.034382,4296.281421,10567.167419,0.444833
244,irrigated,3.368763,14.712218,0.338791,33.378698,2.766038,18.889425,0.865170,4.357448,45.662992,6558.218075,12183.607582,0.521278
245,irrigated,2.374988,10.650745,0.204131,28.884940,2.381735,19.448665,0.705108,3.784420,55.762942,6614.431631,13309.700413,0.491699
246,rainfed,2.455639,13.270529,0.240706,28.847396,2.477464,20.574980,0.670447,3.304306,37.209710,4928.348188,9821.203706,0.449814
247,irrigated,2.633599,12.672397,0.264110,28.057809,2.326352,21.217746,0.832925,3.931840,51.066198,6880.990110,13271.042054,0.525347
248,irrigated,3.013184,10.231381,0.247848,27.776514,2.009454,16.609185,0.633698,3.175406,34.058367,4813.021882,9941.236688,0.351039
249,irrigated,2.874608,13.290227,0.297843,32.899435,3.099209,20.934701,0.728911,3.696261,42.118761,7674.266781,15277.342930,0.506010
250,rainfed,3.744937,14.934079,0.328595,33.286400,2.708021,19.795862,0.629291,3.020421,45.613851,6447.698096,12942.322097,0.415930
251,rainfed,3.294665,14.579576,0.262766,33.011790,2.626948,14.788212,0.660708,2.528837,36.796847,5573.520195,12091.364831,0.423098
252,rainfed,3.170837,12.000942,0.322142,31.410095,3.051217,21.389777,0.671331,3.158085,44.291125,5418.135985,10382.997930,0.471761
253,rainfed,1.433248,8.504133,0.247540,22.143705,2.170811,16.193096,0.717448,3.844376,44.464006,6219.569422,12592.239010,0.508501
254,irrigated,2.274081,9.064796,0.215358,24.438936,1.736652,17.219802,0.614521,3.887693,39.196577,5803.606385,10314.650394,0.450609
255,rainfed,1.490329,6.281617,0.141424,28.266687,2.679562,17.465110,0.668232,2.985646,46.325272,6119.532384,13172.826587,0.440674
256,rainfed,2.496441,11.461757,0.363694,21.709412,2.331837,16.470917,0.762899,3.631496,44.191779,5642.129370,10968.977551,0.417363
257,rainfed,3.410162,17.150333,0.272856,29.230460,3.150142,18.655354,0.737058,4.428168,45.464886,6665.591699,15172.735322,0.478928
258,rainfed,1.860299,11.019711,0.225144,24.404627,1.945926,13.873330,0.623388,2.982976,39.765635,4439.303199,10142.649230,0.388049
259,rainfed,2.209447,9.123227,0.190487,30.287828,2.479498,19.189040,0.781338,2.989525,45.005387,6141.357043,11366.656677,0.496515
260,rainfed,3.615206,15.163789,0.328847,31.435298,2.410497,17.584536,0.815824,4.486275,49.073014,6591.202759,11304.758069,0.463673
261,rainfed,3.273154,14.014826,0.285366,24.185177,2.746138,16.519697,0.787213,3.801815,42.678772,4772.528627,12151.841402,0.436949
262,rainfed,1.741047,5.813054,0.236912,24.342463,1.582269,13.536090,0.684735,2.424151,33.104759,5074.078075,11052.520594,0.476100
263,irrigated,3.356615,10.814691,0.200893,26.824511,2.753938,19.491347,0.720866,4.313479,42.601066,5360.762616,12379.906333,0.446492
264,irrigated,2.766798,10.423181,0.357929,25.551152,2.762169,16.937483,0.660337,3.085566,40.227378,5812.234076,13278.428866,0.455059
265,rainfed,3.146752,14.353765,0.348114,33.095247,2.957741,25.159670,0.799159,4.599429,49.199809,7062.059828,15820.065912,0.583907
266,rainfed,3.772553,16.298158,0.357510,32.951710,2.765064,21.104803,0.788829,4.311728,50.484567,5472.941811,13953.307751,0.456284
267,rainfed,2.529488,13.038132,0.306929,33.692821,3.072970,19.425555,0.703560,3.728142,42.282294,5778.656851,10448.817196,0.501763
268,irrigated,2.856512,11.610843,0.262100,33.560274,3.577967,23.012598,0.752171,4.096913,45.564266,6375.351670,13016.331524,0.426883
269,rainfed,2.913882,12.384852,0.262529,30.094476,2.134517,19.427284,0.692364,3.392941,35.302509,6279.692551,13887.027402,0.463254
270,irrigated,2.149734,8.691514,0.236846,26.849401,1.759877,14.165084,0.674780,3.574247,48.612382,5958.505923,13188.365773,0.497995
271,irrigated,2.175189,8.661555,0.229165,26.047826,2.628490,23.428440,0.711555,3.020120,48.801332,4291.822231,11550.018049,0.423357
272,irrigated,3.354273,18.520375,0.356303,36.016139,2.929333,21.326459,0.875891,4.217006,52.820992,6974.310621,13805.913208,0.511011
273,irrigated,2.840801,11.192310,0.206365,27.730111,2.299517,16.962141,0.788408,4.496002,55.331998,6115.305218,13867.733380,0.406788
274,rainfed,3.884078,14.725872,0.434687,38.111102,3.392081,23.974480,0.857434,4.686099,52.983840,8035.652124,14217.425759,0.471739
275,irrigated,2.124573,12.561009,0.304159,21.991444,2.181735,13.664810,0.590838,2.678128,35.296066,5408.377252,12900.546438,0.514855
276,rainfed,2.905478,12.110954,0.320025,31.692232,2.946119,20.097843,0.750723,3.371313,53.410898,7405.176987,14533.119282,0.598071
277,irrigated,3.608858,15.509577,0.367835,31.808459,2.821454,18.886507,0.845130,4.712419,52.911707,6234.102462,13329.495460,0.453225
278,irrigated,2.140946,12.512877,0.306228,25.128984,1.893408,19.153555,0.699064,3.409687,40.759450,4185.611366,10952.232944,0.475109
279,rainfed,1.853839,11.667035,0.214493,30.952544,2.845613,20.921106,0.635383,3.579424,50.334626,4513.531930,13195.707369,0.395342
280,irrigated,2.763923,11.852527,0.228932,27.384247,2.805058,15.707890,0.672729,2.650667,42.285130,6072.099501,13722.419259,0.459444
281,irrigated,2.018364,7.263751,0.184263,27.660563,2.675654,16.452220,0.643821,2.880365,39.130593,4756.657078,12101.979165,0.401323
282,irrigated,3.039847,10.592763,0.313754,23.296608,2.337906,15.550738,0.682449,3.147590,37.548604,6345.065196,12403.473063,0.497199
283,rainfed,2.831478,13.427657,0.234743,27.446199,2.479323,16.996444,0.673200,2.641119,38.358923,5165.561774,10056.007322,0.474582
284,rainfed,3.245777,12.327094,0.325508,34.155445,3.491375,21.015219,0.778828,3.785121,40.011180,6888.993288,15592.936524,0.518227
285,rainfed,3.339875,12.859155,0.354917,33.484249,2.898546,19.314783,0.742241,3.339117,46.252557,5896.259820,10807.039340,0.469686
286,irrigated,3.416816,18.350068,0.386884,31.096013,2.727078,21.568433,0.878949,3.746692,52.086394,7153.341276,13876.534490,0.406536
287,rainfed,2.022604,9.294029,0.261526,30.262025,2.222880,16.384489,0.704887,3.244109,31.378911,4805.704045,12035.716492,0.408858
288,rainfed,2.997722,12.850224,0.273951,30.183026,2.770198,18.349949,0.801547,3.620974,47.433454,5480.311289,11658.378204,0.449352
289,rainfed,2.474028,9.603105,0.224473,23.370134,2.417991,16.330863,0.864111,4.420592,44.315773,4843.461878,10871.488511,0.504059
290,irrigated,2.458662,12.371931,0.217728,33.468888,2.886009,18.946959,0.733928,3.698674,39.281979,6080.163729,12383.157306,0.507850
291,rainfed,3.286701,12.165774,0.281542,33.478664,3.290472,22.405661,0.746839,3.747930,44.509369,6420.413276,13036.579585,0.529117
292,rainfed,2.627735,8.915263,0.246902,32.327581,3.352686,25.728679,0.705209,2.279284,37.200003,5151.190200,11782.223295,0.380534
293,irrigated,2.353824,12.686000,0.328539,33.723775,2.804838,24.531821,0.683171,2.521234,42.136461,5500.300842,12556.405063,0.441388
294,rainfed,3.039863,10.611573,0.240497,28.929223,1.713530,14.562934,0.689637,3.383489,39.613670,5004.863460,12073.094995,0.487479
295,irrigated,2.732495,14.009094,0.293694,31.140016,2.830650,17.934147,0.753277,4.298728,41.193781,6500.178413,14850.675505,0.457313
296,rainfed,2.495621,10.329224,0.186542,26.880381,2.278725,15.523823,0.677593,3.066339,42.838741,5456.201013,10571.277413,0.418162
297,irrigated,2.409307,12.320756,0.226068,25.717612,2.413099,18.087535,0.612152,2.091636,36.181446,5081.691709,9690.248173,0.416257
298,rainfed,2.716537,11.765795,0.240658,23.811048,2.224793,14.163648,0.608436,2.415630,33.176179,5250.931041,11750.942484,0.422197
299,rainfed,2.323517,9.570148,0.300089,23.241808,2.586392,17.731448,0.819410,4.597936,46.762942,6568.747036,13058.273384,0.420915
300,irrigated,2.913672,15.211072,0.279757,21.110862,1.725604,12.496941,0.672919,3.155370,41.840647,3964.585140,8718.963890,0.379069
301,rainfed,3.645679,20.443065,0.345829,32.046819,2.906565,18.923179,0.728316,3.391298,51.200425,7181.631230,14652.926596,0.516226
302,irrigated,2.315434,6.243445,0.252431,23.537078,2.355353,18.367358,0.614682,3.186461,44.080254,5059.377652,10157.218707,0.381502
303,irrigated,2.886078,12.449809,0.267241,31.871833,2.858247,18.621210,0.717484,2.674158,48.053996,5565.418350,10678.696435,0.425800
304,irrigated,3.333748,14.066296,0.390604,32.126079,2.416093,21.197033,0.686006,3.274504,38.502365,6083.005671,12980.625417,0.429709
305,irrigated,3.131993,14.669284,0.319667,29.945718,2.061181,18.710975,0.750623,3.977046,42.341534,7096.776967,14115.405546,0.467881
306,irrigated,4.693776,17.781336,0.411427,38.614451,3.259488,25.239396,0.728658,3.614673,51.073631,6053.354833,12465.679355,0.461975
307,rainfed,2.612961,8.617159,0.285281,32.365269,2.612464,19.639874,0.725053,3.455797,43.606842,4704.288066,11595.373891,0.411390
308,irrigated,3.466725,8.787014,0.326239,30.811455,2.541225,19.142495,0.697119,2.232538,39.137838,5556.091111,10714.004067,0.436135
309,irrigated,2.167888,10.411812,0.226240,31.449371,2.362428,16.928228,0.615387,2.922312,37.586525,3864.799777,9098.875149,0.431840
310,rainfed,1.919383,6.464061,0.203671,24.531555,1.882110,16.556204,0.584698,2.100812,38.059966,3973.416087,6000.000000,0.307381
311,rainfed,2.785800,15.271515,0.330829,40.612540,3.019583,21.375726,0.726159,3.703328,49.954882,6608.816729,12783.878135,0.444037
312,rainfed,3.249862,13.620282,0.286266,26.425545,2.594321,19.733007,0.748919,3.150803,48.313704,6342.516692,11690.016434,0.480792
313,rainfed,3.427478,10.881681,0.380533,18.495563,1.980826,12.949837,0.726520,3.347677,45.574385,6491.524801,11718.660899,0.483763
314,irrigated,3.005282,12.797052,0.286695,31.106535,3.098831,19.833661,0.751906,3.921931,51.304748,5732.551262,11807.361282,0.482432
315,rainfed,2.382852,6.978299,0.186758,20.182822,2.040034,14.479336,0.697753,2.037878,43.410252,4324.241774,10291.311804,0.393551
316,rainfed,1.962508,8.624312,0.315407,25.900891,2.431264,18.006804,0.694630,2.691477,38.830121,6274.290429,12815.913451,0.514961
317,irrigated,3.028458,12.174626,0.236351,31.458658,2.428075,17.277073,0.719932,3.561092,42.906304,6539.275486,12493.669434,0.506233
318,irrigated,4.141403,18.189035,0.433734,35.848545,3.844940,22.527387,0.769378,4.056615,45.287377,6078.047786,10929.694728,0.456425
319,rainfed,3.539413,13.384872,0.237731,36.087525,3.293691,23.099683,0.779897,4.195054,45.402567,6887.000611,13158.500483,0.553761
320,rainfed,2.510133,11.791559,0.267509,31.594754,2.907828,20.695186,0.684479,3.439423,42.807544,5971.776235,11543.758288,0.409231
321,rainfed,3.423502,14.943981,0.275155,32.101411,2.279019,19.741522,0.706084,2.859041,43.678906,5648.053938,11143.123085,0.502133
322,rainfed,2.476000,11.193735,0.232079,31.298848,3.058159,16.855100,0.645455,3.192413,38.330823,5413.682647,10506.567637,0.475994
323,irrigated,1.872513,7.585793,0.230953,30.451620,2.964321,21.599805,0.621772,2.900862,37.098093,5705.023386,12466.325872,0.419806
324,irrigated,0.637596,6.813187,0.214792,25.466896,2.727989,16.793019,0.620218,1.943649,43.936826,5688.876750,11895.721936,0.477596
325,irrigated,2.729270,13.172941,0.322013,33.121146,3.337490,21.100952,0.778478,3.891067,46.814504,6827.891944,13810.597785,0.539462
326,irrigated,2.408397,10.140272,0.308565,33.589177,2.802313,19.823840,0.657880,3.847309,40.244345,5468.952756,10261.791271,0.433403
327,irrigated,3.202426,15.341418,0.207907,30.234571,3.138550,20.579499,0.721927,3.336842,43.531421,5360.770474,11368.075141,0.369187
328,irrigated,1.476702,8.253071,0.211086,25.573674,2.188781,15.047768,0.620062,3.272306,44.868383,4615.676726,10732.764736,0.384683
329,rainfed,3.839373,14.724260,0.451588,29.997562,3.106213,20.425721,0.680713,3.565970,48.047453,6360.469163,14255.474959,0.423752
330,irrigated,2.468100,14.224479,0.278006,29.257216,2.296666,16.967048,0.795204,4.019715,46.474096,5810.295919,13153.402852,0.511466
331,irrigated,3.758107,14.720954,0.340588,35.033347,2.566993,21.012408,0.773761,3.774661,51.038442,6896.827739,14853.960217,0.543611
332,rainfed,2.484103,11.038814,0.300256,31.636828,3.070921,19.247054,0.816148,4.072473,44.404939,4812.219947,12517.658650,0.431223
333,rainfed,2.964328,13.338237,0.314718,30.651971,2.766441,18.269807,0.750358,3.808355,51.299753,6545.950136,13650.095809,0.507384
334,rainfed,2.326596,8.459347,0.306206,23.863335,2.055950,12.843351,0.593593,1.633742,39.744929,4430.366672,10508.205076,0.392292
335,irrigated,3.010741,12.250823,0.327503,32.144183,2.926507,18.003756,0.656564,3.166287,43.063792,5309.110760,9355.280631,0.493002
336,rainfed,2.938114,6.789637,0.310233,23.826840,1.872788,13.648168,0.600629,2.378353,34.557363,3886.883275,8512.162417,0.385020
337,rainfed,1.966216,11.764666,0.255932,31.925054,2.706046,20.541005,0.757645,4.482097,50.057649,6379.222930,11563.985119,0.360154
338,rainfed,2.629515,12.654401,0.251896,23.008253,1.565156,8.684147,0.546539,1.753107,33.787801,3808.275371,7359.608139,0.328319
339,rainfed,2.824770,12.580904,0.296885,32.583694,2.865038,18.973900,0.742375,4.540882,48.109891,5609.024577,12683.779183,0.505684
340,rainfed,3.031466,13.780856,0.291147,33.454491,2.793947,19.706777,0.666120,3.260263,43.107963,4640.963066,11008.257940,0.426214
341,irrigated,2.729248,10.777896,0.232765,25.697072,2.761426,19.566248,0.627144,2.471350,41.063639,5598.812870,10929.338433,0.429095
342,irrigated,2.575865,5.015114,0.185151,28.505964,2.365794,17.492535,0.714173,3.492347,40.351209,6169.163804,12859.638425,0.479428
343,rainfed,3.464829,13.038149,0.316947,25.975788,2.220766,17.530869,0.793834,3.684924,49.850881,5336.137464,12102.157324,0.469248
344,rainfed,2.967995,11.751939,0.272200,33.438745,2.966368,27.550576,0.891704,4.931399,51.089926,8431.235357,16109.019157,0.568285
345,irrigated,3.082443,17.392154,0.277784,24.744391,3.095472,17.106549,0.673023,2.949240,39.780268,5626.457048,13528.454668,0.490875
346,rainfed,2.508638,9.954177,0.267190,31.949955,2.555072,21.355097,0.668497,3.457653,39.780621,5712.264723,12919.981317,0.505732
347,rainfed,3.191004,12.956779,0.319012,32.991061,2.592950,18.891114,0.661059,2.521376,42.484984,4972.308500,10326.682994,0.521627
348,irrigated,2.660954,11.502738,0.251092,30.116499,3.116906,17.395113,0.758571,3.122206,42.431257,6739.443751,14379.557792,0.561127
349,irrigated,3.146676,12.893713,0.294608,27.204765,2.656770,17.247007,0.748032,3.814408,42.229315,4779.960907,9688.964190,0.450811
350,rainfed,2.779057,10.096606,0.304605,31.670541,2.823118,19.934192,0.884284,4.224561,53.307135,7327.208425,14208.289994,0.463307
351,irrigated,2.079791,9.261288,0.233180,30.916340,2.460067,17.477923,0.716372,3.575512,36.686202,6977.659515,15429.154152,0.488571
352,rainfed,3.609963,16.087429,0.330976,28.670551,3.023138,18.553248,0.839794,3.986338,43.750708,6234.429968,12225.142196,0.477955
353,rainfed,2.037829,10.439245,0.250750,29.549675,3.069289,17.826250,0.733836,3.478567,51.396186,6867.828441,11890.312295,0.430547
354,irrigated,1.655586,7.027347,0.206386,23.945750,2.167384,14.696009,0.598236,2.102648,35.166220,5222.576650,12728.368115,0.406692
355,rainfed,2.306334,10.662382,0.252571,24.455164,2.066859,18.487106,0.633144,3.528600,34.005648,4375.297410,8566.304600,0.342097
356,irrigated,3.532999,13.315252,0.350131,29.484561,2.126469,18.823206,0.712810,2.957648,38.265592,6089.922951,13900.411320,0.445066
357,rainfed,3.559550,20.301993,0.295103,33.179218,3.153335,28.018781,0.848344,5.262345,55.491513,5905.392413,12605.826282,0.527777
358,rainfed,3.589632,7.900430,0.257497,25.882571,2.458258,17.272295,0.651486,3.124122,47.756373,5711.592817,11456.965691,0.504880
359,rainfed,1.726424,6.426551,0.252627,23.727932,2.769362,15.957144,0.606813,2.885569,37.441390,4597.390358,11296.737349,0.504593
360,irrigated,2.726784,12.696011,0.337462,32.425284,2.711380,21.108571,0.784773,3.997483,41.082292,5619.401584,11500.378395,0.383572
