path,bytes,sha256
.Rbuildignore,89,ef0714169fcc7d2f423f1066ae127e6263bd5c61578a26ed1a6066ba491d9323
.github/workflows/R-CMD-check.yaml,355,23a3f3d089012a0ccf7b257727925f3f3e1ef3d37052c2c463f846dc367c3b3b
DESCRIPTION,1770,0276603ec1e335c4110bba8da3f596266d0a75cacf9ae2925cc09309e815954b
LICENSE,52,ecbe96fbdff768a38a40651799bbee90924f061c78d6b467a8d452cc2367bc9a
NAMESPACE,1796,7c1edbe6b0dbf4919b5d2bdbde2373448550bee054784abf69db4e9325545a84
NEWS.md,1059,d709424ac2ece49b82668de654b40737e3021ddb690b1a2f64639be754a8855a
R/advanced.R,2909,bce2ba7c3293f242ec78e7ba02566960f71828e67deb4c38e35857f3d9d465bf
R/advanced_output.R,4078,d915440db86e9914440205a43927fafa14e23e8d5b1fb349587011f00359d1d6
R/assessment.R,4650,89c45a687091df29fab23714468f92525b3cdc4cdc8493c0f767553a39bd1ff4
R/audit.R,3042,0f3200fc0bcad88e12e80d1f2293e4eae384f31d7dfb49b9bfc679d21d12a9f9
R/backends.R,4584,4b494598a68dd1459c5cc7813faf93a8b5f791643fc991c405a4ce158c8e718b
R/bootstrap.R,6023,bcba138bf5ee614afdb0c70b509c75634139529757ed6374902d0ccbca242f89
R/bridges.R,4978,2c99afd2b92b8221ef7c7e78be044dc1d12f18352aebef71e3bbc014ef68f44d
R/data.R,1656,883fb3fe2e7ffd4f8cce37d9a2ebe1c63fcc9735cebf087458d0cafde62525a2
R/effects.R,7698,f1ed37fbf1556e5f69326e1344af586fc3f907768bac0979ab99809783a5630d
R/external.R,1902,00454ef0342b3527a77f77bcc1741bb43738b800896fdf296e0fd953e7f7d5bd
R/fit.R,6002,e996fbf67967966bee253e0f4ab632fb3ffa1f75511052e1f84c80f5a8133dba
R/heterogeneity.R,3416,b4997ede309d7b8c7e30862b3c7fc85865bbe3060e013d7df838513653b645a9
R/native_engine.R,5802,ae6d045039dd5dce124e96242c6b4565566133a3dbd7a4feb8df8d4ce860582b
R/plots.R,6261,7eb3f596f2a79f48c290c1344a077c8f9814c9e93196988eb97fa47d8799f948
R/prediction.R,3188,76f1943431d8e343899444431c3e668fbaa712eeb001507ec527b87065852ca6
R/simulation.R,8551,8f7fcb97250cac51fa2492ae006bc3e92993836da5a1e0c3657850f71fd3a1a7
R/specification.R,8452,a0ef519250fa2bbe09abb61550a933393ac4f1d6aad1b93c76ee7c3c2efb3259
R/tables.R,2916,c7b4e5fbe9bb7952c91c86b7d83e52fa5e6f35099cd2e7916fdce17329311e42
R/tour_report.R,4776,eb1a88d94e1d94ba4b525aee8f37571292e3e11de0afc3894cb961a366fd2329
R/utils.R,4460,32a9e81a50a04297416559fff0ee290ff5bf2bf82c48c35c87baca7e44899c29
R/zzz.R,316,8fbaac3063453bf44aa716d039a50f83b43a22b5c96dc24fd53ced68c9f0676e
README.md,2021,b8864f5c1d661f7bf0e26f5af9c17bf4e6a72064118e5712a580fff9185b334d
_pkgdown.yml,1775,5f28021b26c621b818eaa25af7460575ad1800dc5a5430de973bf9aa0c2624ad
inst/extdata/bioinput_adoption.csv,16311,ba2345082fa1dbe9d9095e3717e1b1b3618bcca79ed93047d48102f887da2041
inst/extdata/irrigation_stress.csv,44532,8fc236700e04c068c4cff95fe9b69f5567792e38f5cfa3fb069dd8477f24ca40
inst/extdata/multilevel_farms.csv,81095,4caf3375f9c427179c0538aaf1b62e95d03b2139612515deba02563e8d2b1b84
inst/extdata/ordinal_soil_health.csv,15922,617a1e670067eab1e9b3facc47f56c96f7687d4fa0fb0e082aba711c983a3a52
inst/extdata/precision_adoption.csv,24145,8dd39a3ab796cdfb764db8f9b80e1f60ccb60789abaa4f305d9160f7e9046ecb
inst/extdata/soil_crop.csv,47323,1a78cc8326e9d3c010a31e181edf36e195f175aabf43f9205616c381155ab185
inst/metadata/static_validation.csv,1119,0d5355f4183818eff0f0bc6b9ae9dd80125de3567a24ee2b6f497793b929a863
inst/metadata/static_validation.log,1063,95a7228242c858388c053611e3b58871befb334f6d02382bc10380fa16989df9
inst/metadata/vignette_api_coverage.csv,1460,cccee9709426b7d499f6ec053db65f71a3ab47058094964da26ca00511932404
inst/rmarkdown/templates/plssemflow_report/skeleton/skeleton.Rmd,460,60b9041a5d3f5efe58f34f912b3ead30f41a72b9550f8e743eef173bd6d298d6
inst/rmarkdown/templates/plssemflow_report/template.yaml,117,60772dee051ddc8e4407a42f0c5d2356a5af5bdcca0c4f468421ffeea80ae9fe
inst/validation/ARCHITECTURE.md,1953,0fbf2b13878deaa60e892686682cd083c14f316b6c799e877054460b2e510b8e
inst/validation/DATA_DICTIONARY.md,2661,6df7eb9290fa1a4ca957406bc2052cf7c780cb8a560b3a1feedcb4f4acc711b6
inst/validation/ECOSYSTEM_2026.md,4075,01a7eb96dea21e11c6f020585761c287880e5b0dbdb08e53557d287ea2d07cea
inst/validation/IMPLEMENTATION_MATRIX.md,2594,4a1ad969abdc95d6f285ad0b6ae08ad3d4ba023bc1d92c91bfa635aef771bb81
inst/validation/IMPLEMENTATION_SUMMARY.md,4317,0aa02216165ae35562a843b1f4a89c1dce029763f09e822aeada4d0fa3e97f03
man/pls_assess.Rd,536,c06000c7cb9a706631dafe4b94bd845ca49e0cb10d1a79900432be49d2ed6a91
man/pls_audit.Rd,665,510fbe9db7e7c2ecf38f3e804428e9cbbb535f967883f69051ad19eb923c592d
man/pls_backend_object.Rd,556,228ed8bd75dd3f9a90a864ed42cf19781cadc1bb1622cb0699f1bdef2cc60c91
man/pls_bayes_compare.Rd,747,ddc3e3d0f59e0e1d9465f58cb953df82a39dc0a891a860f1f4d324fbe8deb235
man/pls_boot_ci.Rd,606,cab999ab808c4862743d116ad22f6d2996d93243e142a65afa75807db4392122
man/pls_bootstrap.Rd,1121,333ab36a7ce1282c9f441b38c0aa7ba87a65a401c8fcdabab4cd7dfa38a9596c
man/pls_capabilities.Rd,551,e0ce7de25683acd75fa0148e5bc6ea5d4043db64403c0bb07c3d815bfc9d6caa
man/pls_cluster.Rd,601,e4a672e93b0cee53571c48485ef86a54ea056c25b379ecc013a5eeaec4d30699
man/pls_compare_engines.Rd,710,94747fe6cc37ee7b906160f4be8a2cc5cc7e8cc981d0885605d2d52f549d016e
man/pls_compare_external.Rd,656,198bd897bd73f1e21adb88716602854e8a6d159aee81cdc6833ea75b0be845a7
man/pls_composite.Rd,698,32df7db8d0dbc56f876bdc800b7ffb4455950caa1257cfe6a2b05679313b46f4
man/pls_csem_assess.Rd,606,ca4782f75861cd82b9c0a57262c8376a8de03f75f6297ce8818bd0ed61a47c1c
man/pls_cvpat.Rd,529,1ca19063a11a20576473e34cc343468d9fbb2b54a83733373aa99c060596ef86
man/pls_data.Rd,824,9daf57a5a5a0e39035e82cd827d3a4679c6326f68f118005de9d8e0db67b4fd3
man/pls_datasets.Rd,533,823d0fc7c95d7d390e76ca53b3b700e67b7cd02b50d947c62b19d4c8d90c6348
man/pls_effects.Rd,977,1928f5e4a8004e296d30fba932418414de6d60fa5f2283ac7f7a558dc33580c1
man/pls_endogeneity.Rd,617,ca3e0009f57674b0418f5883ca2217b380545b13e9a15c2c216555914e6b93ca
man/pls_export_external.Rd,689,4d313dcbe4f7dee324aa2ea3015aa04ce04ed962458713f384226ef7966ec00e
man/pls_export_xlsx.Rd,578,ce0c6e67e2ea89a2c73e84d30c07d9930acfc63aac72a34bad9bf2c13849e934
man/pls_external_capabilities.Rd,587,2d21ae83d9d5e99e2d1cb3c9f1bbc890651fb2a585dd3f86d137f493a239d497
man/pls_fit.Rd,1397,c2c9df56f3558a134858560f99815fc9d25751d2e19f7f144401421816ea3f92
man/pls_formative.Rd,521,25b8da5de550f50746aa5edc786a1cd622a20cc40d0dfe3a035d34c2b89a68f6
man/pls_heterogeneity.Rd,916,1508cfd5aa5aa838a1fb4ae29522784edaf0d0e8304f4e9bf58bda62f3475507
man/pls_higher_order.Rd,820,2284296ee2aac17b8958e4abbe05220a7b458268041a51c4789f0c56da0758ca
man/pls_import_external.Rd,619,f1526b798146bd232e29af2a110166469f2e585c8960e66d52a0a6fb9848ee73
man/pls_ipma.Rd,579,d3e30d56687cfdff9b0edddc95a766b902dafbd6887d8d551e0a12eafff7f7da
man/pls_julia_bundle.Rd,656,52e4a12f190d22ecb17d4e17e56872881f3c20fee8793f958594d1ea2a84757e
man/pls_measurement.Rd,622,93840ce508266514c0117732cc6ed9e0e346ce0a7fd90709e9c87570903f69cc
man/pls_measurement_assess.Rd,600,6109da375992d8ef1fc979d40bbb30ff8d35dc853cedc2f8d49cc2be52089193
man/pls_mediation.Rd,665,e0274bee4ef8067912aa408e8282f20f9fb9909dfcb6c4bb7a5c8f7b17b95b14
man/pls_mga.Rd,757,a3cf67d28f3b4ae92fbe680473a7f662af06d5f1647a1991b69882ffb776b652
man/pls_mgd.Rd,582,e5fd2ccc28f3fb8ba04562dfe75730ad9f39b04da3cd6e2220e8fdb694a9e0ae
man/pls_micom.Rd,652,464c15178cc2e76369838264c72c6cc6ddeedf3441f08b2fc0be089a021ac5c8
man/pls_model.Rd,647,8348d9c326de042b7edeb76cdd3280730f8623e724115168cbfa47497a7517a7
man/pls_moderation.Rd,729,d14fe1ff75eced01407f8cda8143b2d4521d441c3f902d370585a728bf5003ac
man/pls_moderation_test.Rd,1021,6ecb105f25f386761f1cf8154c8e29e08d3a6df654eb6ca08d8444e160ad432e
man/pls_multilevel.Rd,902,21f2554cbb70e0a64426c55a42dc4cbf3047ced257af9a0a148a933d69fc3c87
man/pls_nonlinear.Rd,705,6f225b1eb4d36b23ddbf33695e325aa0ad1306b2002e7890955494f3a4531601
man/pls_nonlinear_effects.Rd,641,bd74cd785ff300de321e6f7ce533824c2b45a87099eccd1bf855c85cc04e2881
man/pls_nonlinear_test.Rd,870,8de431a94c89aaf0095a06e13fbe8a320d94669d88961350c8bf55a7ca1ddbce
man/pls_ordinal.Rd,544,ef7ded7fa07492bd37e9cd68b3c6a1410e92e4931c44b96f0d31db943064392e
man/pls_path.Rd,566,c64ee95469e370c8e93fffbce58112da2bb2a97fb58721b6448015a304f1bfe9
man/pls_plot.Rd,1466,1ad6710783391699d0e9485af5bcb34b4c4b3a0cbd177832fb954e24c30180db
man/pls_plot_coefficients.Rd,1022,99568cc24a6e02e6680b71293b487d9521efccbd79558e475ad54edf7420aeed
man/pls_plot_mga.Rd,734,a4a2f5dc14b1bc99b0d827782febf4d82f84e78ce4a57a5e998801fdd3286f04
man/pls_predict.Rd,725,7ff080d50535a6d6778be2070118424f07b0e2f93216a75b99e7c8b5cde1b8ad
man/pls_python_seminr.Rd,712,dca7225e60017053c4d0229cb718ad0a8d41d1a695a9a33aa14aef5a91ab261a
man/pls_quadratic.Rd,608,190b59be323cb1876c8c963e9320a678a755143a39760a3a5f9abdad5c706223
man/pls_rebus.Rd,1154,e1ba59125a8384a98c4c268c658980db130105ee78fe10214c1e7588dc9a94fb
man/pls_reflective.Rd,611,1d91e8214c23eebdab2cada80cfeec1dc514e5e0646d5424272d0cfe03380b9f
man/pls_report.Rd,717,ddcb18c9ea53d71da4939232a1a03d4527b4ddf7e0a425f350253282485f1f7a
man/pls_save_plot.Rd,680,469ea01f24fa62524e84bd14fb669ef073867bff4ea991359604e6de4afb53c2
man/pls_scores.Rd,539,b82ff2f20b31bd1ec50d5d70089ac91818e7018c486c7a639477901cfb4eaf9a
man/pls_simulate.Rd,1416,5c1d3b3d81c690a0567701fe6a612cafe81182078544754450cc768d574181aa
man/pls_structural.Rd,538,7ff64a132dafc2a20fb280b3404b6b4ef5ea5d3f98619ee75da6ad55897d62f6
man/pls_structural_assess.Rd,578,7248ee63de2c9a8747680ab9c9117cdaaa18dfaf2026430f5acf714101297ba5
man/pls_syntax.Rd,744,219d674127f6084f2ea71fb3dec08c85ea6aca4337272c940253ea691344fdcf
man/pls_table.Rd,1277,ac16337fa96738dde800f5852d61a25b3ad5941700cb36154c42794cfb6ace5b
man/pls_table_advanced.Rd,744,dba4c88860bc39b1af1e0ee4e146a2924d6f18b889055bbb427aec291ad486ff
man/pls_tour.Rd,682,e766e05a6954648759fba591a68503f4dbd6c2dbb04962622cbf662bd8b0c49d
man/pls_validate_cross_engine.Rd,943,64f5297c40c0b1932ad8a2c9bb04fae27d7c057d3650f3a84fa41b0ff360d5f6
man/pls_validation_case.Rd,997,35bd38b65ce4e260ae94de75414230c67a7f02b39592f8b721634fa0f8616052
man/print-plssem_audit.Rd,559,6976b7ea6d97bfb8622cb57e2e9a3fa48489fecf73ba785767562a25d53a947e
man/print-plssem_bootstrap.Rd,593,64f58d76aa639dd62889db493b4c280e9351575badef3c19276240b7993ce7d9
man/print-plssem_cross_validation.Rd,655,f96397742142437d35e1015472d837b0bd1c2e493016f6928f2073b8ebebb93f
man/print-plssem_external_workflow.Rd,686,9614ede3c92b217d2f985ce1cdf0de9326a3b6ce9d44ec8d3426b626722be4bb
man/print-plssem_fit.Rd,583,aba5e26266b3cf82d4189c17976202cb83be92f39fd8594ed6bb104b25698d72
man/print-plssem_heterogeneity.Rd,630,0f71b6ac4f519cb7d1778b38934aa89a8d87edf39e2d1346301033b7cdaea698
man/print-plssem_mga.Rd,580,8b020282ab14c10f03b8d39bd80b71bc6e4994f3a8106c26cd72344cc5ffb5d7
man/print-plssem_model.Rd,605,49c262f828cdf6925d48b21121e17ddc9e018e7a07416f5c114fb18e1fba5cab
man/print-plssem_prediction.Rd,599,53dcc6b5f123a01067bf2a1628659184c6da18041301a5b7eed2455ce687b521
man/print-plssem_validation_case.Rd,643,a50454c8266a9d70b9585e1c6ecc3d0bdfc9d711e8c2714b429ab721bac1d306
tests/testthat/test-bootstrap.R,1188,9102c0d636137e68e69088aab064ce6326cd57f3eb8293c10393d237bdd4ef06
tests/testthat/test-capabilities.R,166,3829858b5913451e46c6faa3c8df0b83399ba196160754c1f04d8a373a35df73
tests/testthat/test-data.R,217,526d0065f3ba5a9c2027839649b83622fbff14a3f7a3091287cb7fad1d4f6223
tests/testthat/test-heterogeneity.R,469,c722198fb83bcf0433a788ff5d469d4169cba523fdfaf190e3beccc28f742d55
tests/testthat/test-native.R,541,b5cf595a47487030eb26aafbb57c446a951fd5bba4fbfa3ff7405bb1ed24b815
tests/testthat/test-publication-output.R,787,deda536daaf2023c20fcc1c653db109c739e8731fb28bc5047f962ba9aa8d826
tests/testthat/test-simulation.R,1052,0041c180a651d397c764df63c3dc8c2b319add6ca48252aeb3b36f67a1cb88dd
tests/testthat/test-specification.R,326,31038484decbb27b1fc73c0a40bea2ed1482f7104eb52dca206ace3748bd765b
tests/testthat.R,63,7e376c4bf1bb68bd312fe53e9cbc9729725381d8e220e02f692cf3fe64b116e5
tools/VALIDATION_LOCAL.md,6329,18f4b2633cbcb02e0c46351bb8fdfbd701cc2c2c4b40641a9e2e01c9ca0394f3
tools/materialize_rd_from_roxygen.py,3674,eafdd4f0454eb7bb172efcbde61169eb42edffd19f51616a90958db049c21f22
tools/regenerate-docs.R,174,43f46fafd73c690b099e6bebf8a846532e49a2f11543615fc1794feb6f0aa8d4
tools/regenerate-namespace.R,216,0b4c1d06f42c4ff0f25b64c66ead7e1fba2abf9b3329e6031f98b880d72adbfc
tools/static_validate.py,3843,28b732039c45aa94c726b4f6290b22846bbc408a9e5c8b3da32f7443e61a64cf
vignettes/01-quick-start.Rmd,8144,ca9dd36603c09f8d6d5af775c9f95ad421b4de3ba1e18525cf10a3b3daf82eda
vignettes/02-construct-conceptualization.Rmd,8200,09a88840ccd7a7e02564a5f331abb8305f2c77d45446b00d801155b979283195
vignettes/03-measurement-models.Rmd,8115,9bc4d02efded4539c954638373bf07eb83fb6e82efad1b8ecbfbe5e562346a46
vignettes/04-structural-models.Rmd,8048,bce7f51e1b6ab83f6a2585648ec6eb081a07c8f29b68f109c0911f2297fcb576
vignettes/05-bootstrap-inference.Rmd,8117,50f5db38bc8cf98d55f84be2b8bdeba12d000715e5ba6b0f8632e980a9e3211a
vignettes/06-mediation.Rmd,8091,617bc3a6a96bc73eff6b6e4f72b5ea64c74431f07ace92acabce938194e585dd
vignettes/07-moderation-nonlinear.Rmd,8104,6ec428761f275b5ecabe43c9fedad7a9dc9143a9221cca6dfc171705cf06e08b
vignettes/08-prediction.Rmd,8055,51930846dbd83dab84744bc70e546f76b610ae36a0d25603fc971d690a931ee7
vignettes/09-higher-order.Rmd,8069,fd18d20c2a3db1bbbbebe937f7c0951246ad07ed00a4ef895d39aa1525ea5229
vignettes/10-ordinal-categorical.Rmd,8066,e047deaa921a210090e8ba7a30d8eac9a16779c83a37fa8907b73aec5bf88cc2
vignettes/11-multigroup-micom.Rmd,8028,8083b87f179c0c16bda3959c6663bdc74db17e035fde8295b29e226a6bb2ab07
vignettes/12-multilevel.Rmd,8058,0c23bc0ac197f9c682f9fd38790e64d845e06bdd31f8720bf45efc5ef8183a76
vignettes/13-endogeneity-sensitivity.Rmd,8077,849931489e4373e73eabace43c8349712cd0bafcc3ffe76bad9bd54597ea8be8
vignettes/14-bayesian-companion.Rmd,8058,cb966e6163236b141891356ce284fdca177a71985ad77265de8b07c7637d796d
vignettes/15-engine-integration.Rmd,8101,a4499b2a3c822716140997d63f9bae506d78b33a5a72efd338619b9a3414c169
vignettes/16-publication-output.Rmd,8108,19e65f4bc02e7e0cad058984251766318ee658e13355cbf72be78c8189a0d99d
vignettes/17-agronomic-case-studies.Rmd,8088,fe0e772cf5047f7fc22c3e6bdbc3c07e66ebdc5e57db8be8dd80263e514e45f7
vignettes/18-validation-reproducibility.Rmd,9155,24d378d6d55e6cd0e07d9c04d399d53af7f8eabc113d67d710b77f833aa1c880
vignettes/19-reviewer-audit.Rmd,8137,febc7e15e8d1c357da2eccb1907cabcf26af4ce40000440e3766bb854cd19311
vignettes/20-api-example-catalog.Rmd,17673,abf80c08dbb96411f5e0193021159b332a0fffd553d238abc1a32099489a6b6e
vignettes/21-foundations-to-advanced-tutorial.Rmd,52403,ef50d45778b7e2d03002e30a2a7e3d86aae58928b1f829af2c1b4b2425e2fa94
