function,vignette_calls,status
pls_assess,4,PASS
pls_audit,9,PASS
pls_backend_object,4,PASS
pls_bayes_compare,4,PASS
pls_boot_ci,4,PASS
pls_bootstrap,66,PASS
pls_capabilities,26,PASS
pls_cluster,3,PASS
pls_compare_engines,4,PASS
pls_compare_external,4,PASS
pls_composite,5,PASS
pls_csem_assess,3,PASS
pls_cvpat,3,PASS
pls_data,91,PASS
pls_datasets,5,PASS
pls_effects,5,PASS
pls_endogeneity,5,PASS
pls_export_external,4,PASS
pls_export_xlsx,5,PASS
pls_external_capabilities,20,PASS
pls_fit,35,PASS
pls_formative,3,PASS
pls_heterogeneity,6,PASS
pls_higher_order,3,PASS
pls_import_external,3,PASS
pls_ipma,4,PASS
pls_julia_bundle,3,PASS
pls_measurement,30,PASS
pls_measurement_assess,5,PASS
pls_mediation,5,PASS
pls_mga,6,PASS
pls_mgd,5,PASS
pls_micom,5,PASS
pls_model,29,PASS
pls_moderation,5,PASS
pls_moderation_test,6,PASS
pls_multilevel,3,PASS
pls_nonlinear,4,PASS
pls_nonlinear_effects,5,PASS
pls_nonlinear_test,6,PASS
pls_ordinal,4,PASS
pls_path,91,PASS
pls_plot,73,PASS
pls_plot_coefficients,3,PASS
pls_plot_mga,3,PASS
pls_predict,4,PASS
pls_python_seminr,3,PASS
pls_quadratic,4,PASS
pls_rebus,4,PASS
pls_reflective,113,PASS
pls_report,5,PASS
pls_save_plot,3,PASS
pls_scores,3,PASS
pls_simulate,5,PASS
pls_structural,29,PASS
pls_structural_assess,3,PASS
pls_syntax,4,PASS
pls_table,78,PASS
pls_table_advanced,4,PASS
pls_tour,14,PASS
pls_validate_cross_engine,5,PASS
pls_validation_case,5,PASS
